Nome completo;Età;Data di nascita;CA;PA;Nazionalità;Squadra;Prezzo;Posizione;ID;Accelerazione;Agilità;Equilibrio;Elevazione;Piede sinistro;Integrità fisica;Velocità;Piede destro;Resistenza;Forza;Palle alte;Autorità in area;Comunicazione;Eccentricità;Blocco tiri;Rinvii;Uno contro Uno;Riflessi;Uscite;Resp. Di pugno;Rilanci;Aggressività;Intuito;Coraggio;Freddezza;Concentrazione;Decisioni;Determinazione;Fantasia;Carisma;Senza palla;Posizione;Gioco di squadra;Creatività;Impegno;Calci d'angolo;Cross;Dribbling;Finalizzazione;Gioco di prima;Punizioni;Colpo di testa;Tiri da lontano;Rimesse lunghe;Marcatura;Passaggi;Guadagnare falli;Contrasti;Tecnica;Stipendio
Ceadach O'Neill;17;39548;82;116;Irlanda del Nord;ATLETICO MADRID;624388;T/S DSC;2000317977;12;12;13;11;12;10;12;20;12;3;3;2;3;4;2;2;2;1;2;3;3;5;11;2;8;7;3;13;10;11;10;6;7;5;12;6;8;11;12;12;6;7;7;3;3;6;2;7;10;45.128,00 €
Luca Koleosho;20;38245;125;148;Italia,Canada,Stati Uniti;PARIS SAINT GERMAIN;31898231;C/T/S DSC;2000061312;16;15;12;8;8;14;16;20;10;11;3;3;3;3;1;2;1;1;1;1;1;8;12;15;11;10;9;14;13;7;12;9;11;12;14;9;10;12;8;10;8;6;7;6;5;11;8;6;11;1.504.270,00 €
George Ilenikhena;18;38945;122;143;Francia,Nigeria;AJAX;35824760;S ;2000214136;14;13;12;14;20;13;14;10;12;13;1;3;1;3;2;3;1;1;1;3;1;10;12;13;11;11;10;11;12;7;13;9;12;11;12;7;8;12;14;13;7;13;12;7;8;11;11;8;13;4.917.879,00 €
Mason Melia;17;39347;96;124;Repubblica d'Irlanda;ATHLETIC BILBAO;1985021;S ;2000216807;14;13;11;10;7;13;14;20;12;10;2;2;3;1;4;3;1;1;1;1;2;11;9;9;11;10;10;14;11;3;13;7;11;10;13;6;10;11;11;12;6;10;9;5;5;10;12;5;11;1.203.416,00 €
Kerim Alajbegović;17;39346;120;169;Bosnia-Erzegovina,Germania;BENFICA;18845999;C/T DSC;2000330855;13;13;11;10;17;10;13;20;12;8;4;2;1;3;1;3;4;1;4;1;3;12;12;12;11;11;11;13;16;8;12;6;10;12;9;14;12;13;10;13;14;6;14;6;6;12;14;6;14;648.220,00 €
Yassir Zabiri;20;38406;130;149;Marocco;NEWCASTLE;12687999;S ;2000335906;14;15;9;8;20;14;15;14;12;7;3;2;3;1;1;1;1;1;1;1;3;12;15;14;14;13;11;15;13;7;15;5;10;14;14;12;8;11;15;14;13;14;13;4;6;10;14;9;15;848.589,00 €
Tygo Land;19;38728;117;149;Paesi Bassi;PAOK SALONICCO;13969999;M/C/T C;2000088444;12;14;12;7;10;13;12;20;13;7;2;4;3;3;1;3;3;1;4;3;2;13;12;12;13;13;12;15;11;8;13;9;14;13;12;12;9;13;10;14;11;5;12;7;7;13;9;8;14;311.986,00 €
Francisco Baridó;17;39448;93;136;Argentina,Croazia;ATHLETIC BILBAO;3161999;T/S C;2000338373;12;14;10;6;20;11;12;10;8;7;1;3;1;3;4;2;2;1;2;1;3;9;7;10;11;8;15;9;13;6;12;7;10;13;11;9;9;14;15;10;9;10;5;1;7;12;9;8;13;61.314,00 €
Kyriani Sabbe;20;38378;116;141;Belgio;DINAMO KIEV;13125000;D/TF D;2000091515;13;12;11;10;9;12;13;20;14;12;3;2;1;3;1;1;1;1;1;2;3;11;12;13;10;13;12;12;10;8;14;10;13;10;13;6;13;12;7;11;6;9;9;12;13;13;8;12;12;398.872,00 €
Caleb Yirenkyi;19;38732;130;155;Ghana;ZENIT;15397727;M/C C;2000339863;14;15;13;11;7;14;14;20;14;15;3;3;2;2;3;3;1;1;1;1;3;13;14;14;13;14;11;15;5;4;13;14;13;12;15;5;7;12;10;13;6;11;11;7;14;14;7;14;13;1.775.580,00 €
Cassiano Kiala;16;39824;90;133;Germania,Angola;NEWCASTLE;2724999;D C;2000459742;12;11;12;13;8;11;13;20;10;11;1;1;2;3;4;2;3;1;2;3;1;11;9;12;10;10;9;13;10;10;7;11;12;10;12;3;6;10;5;11;3;11;6;8;12;11;6;12;11;3.309,00 €
Valentín Carboni;20;38416;129;136;Argentina,Italia;CRYSTAL PALACE;8069999;T/S DSC;2000097988;14;14;11;13;20;15;12;11;11;10;1;1;2;2;2;3;1;1;1;3;1;7;11;10;13;9;13;16;16;6;14;7;11;14;11;10;10;14;12;14;8;6;13;4;5;15;11;6;15;2.780.011,00 €
Ângelo;16;39741;77;149;Brasile;PAOK SALONICCO;601824;D/TF D;2000460060;9;8;13;12;14;10;9;20;11;12;2;2;1;1;1;3;2;1;3;1;2;8;10;9;5;5;12;6;11;11;11;7;14;10;14;8;8;8;7;11;8;8;8;5;8;7;5;14;7;6.017,00 €
Gianluca Prestianni;19;38748;133;148;Argentina,Italia;AJAX;46750000;C/T DSC;2000104173;16;14;16;5;13;12;13;20;14;12;1;2;1;3;1;2;2;1;3;1;1;16;13;18;7;13;8;18;15;5;14;8;8;15;15;12;12;16;8;13;11;5;12;5;6;11;11;8;13;1.196.677,00 €
Love Arrhov;17;39585;102;147;Svezia;SIVIGLIA;6503999;C/T C;2000350319;13;13;10;9;10;12;12;20;12;7;2;4;1;2;1;1;3;1;3;3;3;12;11;11;11;11;10;14;12;5;13;9;12;12;12;9;10;13;10;13;8;6;11;5;6;11;8;8;13;997.210,00 €
Sean Steur;17;39458;111;162;Paesi Bassi;AZ ALKMAAR;31865000;C/T C;2000350903;13;14;11;12;14;12;12;20;9;8;2;1;1;3;2;1;1;1;1;2;1;15;11;12;12;12;13;16;11;6;12;6;13;12;13;11;11;13;6;14;13;12;12;11;6;12;10;6;13;389.967,00 €
Haniël Pereira da Gama;17;39373;70;115;Paesi Bassi,Capo Verde;PARIS SAINT GERMAIN;359998;D/TF/C/T S;2000350904;13;13;8;13;20;13;13;9;6;5;3;4;1;2;2;3;1;1;3;2;4;11;4;8;3;3;12;6;14;6;10;7;8;7;8;6;11;10;10;8;6;6;5;6;6;13;4;8;9;6.859,00 €
Skye Vink;19;38899;102;124;Paesi Bassi,Suriname;INTER;5210000;S ;2000105651;13;13;11;11;10;13;12;20;7;9;3;4;3;1;1;4;2;1;2;3;2;12;13;6;10;10;14;14;14;7;11;5;12;10;12;8;7;15;10;12;9;13;10;5;5;12;8;5;13;181.956,00 €
Rafael Luís;20;38401;115;145;Portogallo;GLASGOW RANGERS;10950000;C C;83297596;12;12;14;14;20;16;13;10;13;13;3;1;4;3;3;4;2;1;2;4;2;10;12;9;13;12;13;13;13;7;11;12;13;13;8;8;8;11;7;13;7;8;11;6;11;13;8;12;14;197.541,00 €
Rory Wilson;19;38722;105;144;Scozia;SCHALKE 04;5387600;S ;2000106725;14;13;11;14;5;14;14;20;11;10;2;2;1;1;2;2;3;1;2;1;4;10;13;5;14;12;9;6;9;12;10;9;11;12;13;11;8;8;16;15;11;10;12;6;9;8;11;3;10;541.537,00 €
Mathis Albert;16;39954;92;165;Stati Uniti,Germania,Francia;LEEDS;6714000;T DSC;2000465225;14;14;9;8;8;15;13;20;10;6;2;3;1;1;2;4;4;1;2;2;3;6;8;8;7;7;7;12;16;3;9;4;8;10;9;11;10;14;8;13;12;6;12;6;4;11;12;5;14;3.309,00 €
Javier Fernández;18;39049;103;139;Spagna;BASILEA;3160000;M/C C;2000239293;11;11;12;13;7;8;12;20;13;12;1;2;3;3;2;1;1;1;3;1;2;13;10;13;11;11;10;14;14;12;11;11;13;12;15;8;8;12;8;13;8;12;12;6;10;13;10;11;13;498.575,00 €
Hugo Félix;21;38049;112;135;Portogallo;STELLA ROSSA;4519999;T SC;83335589;11;12;14;5;12;14;11;20;11;6;1;3;1;3;2;3;2;1;3;2;3;7;9;9;13;11;13;12;17;10;11;10;9;14;8;14;15;13;12;14;15;6;14;5;7;14;14;7;15;129.969,00 €
Abdellah Ouazane;16;39828;101;156;Marocco,Paesi Bassi;VALENCIA;18695000;C/T C;2000467056;13;15;10;9;8;10;12;20;6;7;1;1;2;1;2;3;2;1;2;1;1;11;10;10;12;10;11;14;14;4;12;4;11;12;7;10;8;14;13;16;10;7;8;1;6;12;5;7;16;259.998,00 €
Vasilije Adžić;19;38849;128;151;Montenegro;MANCHESTER CITY;16200000;C/T SC;2000241044;12;13;13;12;11;11;14;20;12;13;1;2;3;3;3;3;1;1;3;4;1;12;13;13;12;12;13;14;13;12;13;10;10;13;10;14;12;14;12;14;14;11;14;5;4;13;12;7;16;739.980,00 €
Gabriel Veneno;16;40010;83;156;Brasile;JUVENTUS;914750;T D;2000475982;12;11;10;6;20;9;12;8;10;5;2;2;3;1;1;3;1;1;1;4;2;11;11;8;8;9;10;17;18;7;11;8;10;12;11;12;9;12;8;10;11;5;8;9;5;9;1;7;12;10.289,00 €
Dastan Sätpayev;16;39672;115;169;Kazakistan;FIORENTINA;4000000;T/S DS;2000370206;15;13;12;11;10;14;12;20;12;8;1;3;3;2;3;1;3;1;1;2;1;7;12;7;14;15;10;17;13;8;12;5;11;13;12;6;8;12;14;13;11;10;10;2;4;12;15;5;13;3.309,00 €
Bazoumana Touré;19;38778;132;158;Costa d'Avorio;BORUSSIA DORTMUND;63839999;T DSC;12095040;16;16;11;12;20;13;17;8;13;8;3;2;3;2;1;3;1;1;2;1;2;11;10;13;10;10;9;15;15;3;12;8;12;11;13;12;13;16;8;11;11;12;11;8;8;10;12;9;13;1.495.846,00 €
Thiago Martínez;18;39284;96;134;Argentina;VALENCIA;3061678;M/C DC;2000252019;10;11;12;8;7;8;12;20;9;7;1;2;1;3;3;1;1;1;3;2;3;11;11;10;8;9;14;16;13;10;9;12;10;14;13;7;9;12;8;14;9;7;6;12;13;13;7;12;12;1.504,00 €
Kendry Páez;18;39206;119;153;Ecuador;ZENIT;27215709;C/T C;2000252303;14;15;10;8;20;16;14;10;14;7;2;2;1;2;3;2;2;1;3;1;3;13;10;10;13;10;10;16;17;6;11;6;10;13;9;10;11;15;10;15;14;6;11;5;5;13;14;6;16;601.708,00 €
Faniel Tewelde;18;38969;90;105;Norvegia,Eritrea;ATALANTA;421798;T DS;2000254935;14;13;9;10;7;12;14;20;9;8;3;1;3;3;1;3;3;1;2;1;2;13;10;6;10;7;9;14;15;2;9;8;9;7;9;6;11;12;13;9;8;6;10;5;6;8;5;9;14;96.153,00 €
Marvin Akahomen;18;39278;96;125;Svizzera,Nigeria;CLUB BRUGGE;576003;D SC;2000255623;12;12;13;14;20;16;13;7;13;13;3;2;2;2;1;2;2;1;3;3;3;12;10;12;11;10;10;18;7;7;6;11;12;8;12;2;4;8;4;8;2;12;4;5;13;9;7;13;8;113.001,00 €
Gustavo Nunes;19;38676;122;147;Brasile;COPENAGHEN;15672175;T DSC;2000256293;14;14;12;6;9;13;14;20;12;7;2;1;3;2;3;1;3;1;4;3;2;12;12;11;12;13;12;15;17;7;13;7;12;12;13;10;13;15;11;13;11;8;11;8;7;12;11;8;13;1.805.124,00 €
Noah Markmann;18;39137;115;120;Danimarca;AZ ALKMAAR;2271817;D/M C;2000133279;12;12;12;12;9;14;12;20;11;12;1;1;2;2;1;2;3;1;3;1;1;12;13;12;12;13;11;8;5;8;12;13;13;11;13;6;6;8;4;13;6;12;6;7;14;12;8;14;13;252.597,00 €
Noah Darvich;18;38985;110;156;Germania,Iraq,Francia;AJAX;11768000;C/T DC;2000257651;13;13;12;10;20;10;12;12;12;9;3;2;1;1;3;2;3;1;2;1;2;10;9;10;10;9;10;12;17;12;10;7;13;12;13;12;10;14;8;13;12;8;12;6;7;13;13;8;15;997.210,00 €
Karim Coulibaly;18;39225;116;153;Germania,Costa d'Avorio;GLASGOW RANGERS;6616000;D C;2000257921;13;11;14;15;20;12;14;7;12;15;2;3;1;3;2;3;2;1;2;2;2;16;13;15;11;10;10;13;10;10;8;13;12;11;13;3;7;12;6;11;3;13;7;10;13;12;7;13;11;498.575,00 €
Ian Subiabre;18;39083;112;150;Argentina,Cile;VALENCIA;13904999;T DSC;2000258392;14;13;7;6;20;16;12;11;12;7;1;3;2;2;4;3;2;1;2;1;1;5;11;9;11;9;10;14;14;9;15;10;11;13;12;12;11;13;15;13;10;5;11;7;5;13;10;7;14;51.266,00 €
Shumaira Mheuka;17;39375;108;152;Inghilterra,Zimbabwe;BORUSSIA MONCHENGLADBACH;10691886;S ;2000379552;15;6;14;12;13;9;14;20;9;13;2;2;3;2;3;2;3;1;3;2;3;7;13;10;9;13;12;9;8;11;9;12;8;10;12;8;5;10;15;10;10;8;7;9;6;6;13;10;13;511.452,00 €
Giovanni Leoni;18;39072;125;169;Italia;GLASGOW RANGERS;33865352;D C;2000259904;12;13;14;15;13;14;13;20;14;14;2;3;2;2;3;2;1;1;2;2;3;11;14;10;10;11;12;16;7;9;9;13;13;8;13;4;6;7;6;10;5;14;6;10;14;11;5;13;11;3.008.539,00 €
Matias Siltanen;18;39170;110;140;Finlandia;LIVERPOOL;4363392;M/C C;2000379943;12;12;9;12;11;12;13;20;13;9;1;2;3;1;1;3;2;1;2;1;1;10;13;11;14;14;13;15;5;11;10;13;12;11;12;12;11;9;7;13;12;8;7;4;9;14;8;11;12;93.205,00 €
Luka Vušković;18;39137;135;162;Croazia;ATHLETIC BILBAO;53440143;D C;2000262919;10;9;15;17;9;14;11;20;12;16;2;1;1;3;1;1;3;1;1;1;2;15;13;17;12;14;12;18;12;14;10;14;13;11;16;6;8;12;10;12;13;16;13;10;14;12;13;12;12;1.504.270,00 €
Ljubo Puljić;18;39233;84;117;Croazia;PAOK SALONICCO;110249;D C;2000264596;11;8;12;15;20;13;12;7;9;13;1;4;3;2;3;3;3;1;3;1;2;15;9;12;9;10;8;16;8;8;7;12;11;10;12;1;6;8;6;9;2;12;6;8;12;11;6;12;9;57.884,00 €
Abdelhamid Ait Boudlal;19;38823;112;144;Marocco;LIONE;5756000;D C;2000267443;13;11;13;16;8;13;13;20;10;14;3;3;1;3;3;2;3;1;1;3;2;14;10;13;8;9;11;15;10;8;9;12;9;11;13;4;8;9;8;12;5;15;7;10;13;11;5;13;10;225.640,00 €
João Simões;18;39088;127;160;Portogallo;SPORTING LISBONA;69000001;M/C/T C;2000268884;12;12;15;8;20;11;13;9;13;12;1;1;2;2;3;4;2;1;2;2;4;12;12;16;16;9;15;14;9;11;11;13;15;12;11;12;12;12;10;14;10;5;12;6;11;15;11;10;14;649.965,00 €
Mattia Mosconi;18;39167;96;143;Italia;CRYSTAL PALACE;2779999;S ;2000269293;12;14;11;8;20;12;14;10;11;10;3;3;3;2;2;3;1;1;2;2;1;12;8;9;12;10;11;15;10;8;13;5;11;11;12;5;6;13;12;13;9;7;8;6;4;10;11;5;12;13.238,00 €
Sidiki Chérif;18;39066;122;157;Francia,Guinea;LIONE;20009998;T/S DS;2000271175;14;12;13;13;10;12;13;20;11;13;2;3;1;2;2;2;1;1;3;1;1;11;11;12;11;11;11;13;12;8;13;9;14;11;14;9;10;13;12;13;10;13;11;5;9;11;11;7;13;99.944,00 €
Stefano Maiorana;18;39127;73;108;Italia;NEWCASTLE;254999;S ;2000271664;13;12;7;8;10;13;13;20;6;5;2;1;3;3;1;1;3;1;3;3;3;10;9;8;8;7;8;16;13;4;10;2;6;3;7;6;6;12;10;12;6;13;6;2;5;7;4;1;8;11.372,00 €
Igor Felisberto;18;39148;89;141;Brasile;LEEDS;2048826;D D;2000272196;12;13;10;7;8;12;12;20;9;9;3;1;2;3;3;2;1;1;3;3;2;15;9;6;10;10;10;13;15;12;15;10;11;10;10;10;11;14;6;11;11;8;7;6;10;10;8;6;13;23.045,00 €
Christos Mouzakitis;18;39076;125;163;Grecia;LAZIO;18950001;M/C C;2000273835;13;15;14;8;20;12;10;9;13;8;3;2;2;3;3;1;4;1;2;3;1;12;13;11;13;12;13;12;11;9;11;11;16;14;13;13;11;12;8;14;12;8;12;5;9;15;12;11;16;368.967,00 €
Babis Kostoulas;18;39232;125;162;Grecia;ZENIT;36299183;T/S DSC;2000273847;14;14;13;12;10;13;13;20;12;12;3;1;3;2;1;1;1;1;3;2;1;15;12;14;13;11;11;16;15;9;14;8;11;10;16;6;9;14;12;13;7;12;9;5;8;11;11;8;14;1.687.068,00 €
Julien Duranville;19;38842;122;160;Belgio,Costa d'Avorio,Repubblica Democratica del Congo;INTER;14910001;T DS;2000155483;17;16;12;5;9;6;16;20;10;7;2;3;2;1;3;2;4;1;3;2;3;7;10;8;9;9;9;11;17;3;10;7;8;10;10;11;11;16;8;13;10;5;10;5;7;11;11;7;15;1.994.481,00 €
Tomás Parmo;17;39455;106;162;Argentina;DINAMO ZAGABRIA;14249999;C/T C;2000277018;14;12;11;7;9;10;11;20;7;4;4;3;3;1;3;1;2;1;1;1;2;15;10;8;12;9;13;9;14;6;13;10;11;16;11;8;11;11;16;13;6;1;11;5;8;12;15;8;15;13.358,00 €
Pablo Felipe;21;37988;131;146;Portogallo,Brasile;NAPOLI;22594902;S ;2000013430;12;12;16;13;11;16;13;20;14;14;4;1;3;2;2;2;4;1;2;3;3;19;15;16;15;12;13;18;12;11;12;10;14;10;17;5;8;12;14;12;5;13;12;4;9;11;13;13;12;2.406.831,00 €
Enzo Sternal;18;39230;100;143;Francia,Algeria;BODO/GLIMT;302666;T SC;2000287837;12;12;13;8;11;11;12;20;10;8;3;3;3;1;3;1;3;1;3;3;1;12;10;10;11;11;11;15;15;6;11;10;12;11;12;8;9;14;13;14;11;7;10;3;5;11;10;6;14;259.998,00 €
Veljko Milosavljević;18;39261;126;151;Serbia;FIORENTINA;29570084;D C;2000288469;11;10;13;16;10;12;10;20;12;13;1;2;3;1;1;2;1;1;4;1;3;12;13;13;12;14;13;12;7;11;8;13;12;9;13;5;6;9;7;11;8;15;10;5;14;13;10;15;11;1.022.903,00 €
John Mellberg;18;38928;109;134;Svezia;EINTRACHT FRANCOFORTE;9471599;D C;2000169799;13;11;14;14;20;14;13;8;13;12;1;2;3;2;3;2;3;1;2;4;2;10;12;13;11;13;9;15;6;8;8;15;12;11;13;6;9;9;5;11;7;12;8;7;11;11;10;12;9;199.466,00 €
Lennon Miller;18;38954;126;165;Scozia;EINTRACHT FRANCOFORTE;50999998;M/C/T C;2000170028;9;13;15;12;12;15;9;20;12;12;2;4;2;3;1;2;3;1;2;3;2;8;14;13;15;13;14;16;12;16;13;12;14;14;16;15;10;10;7;14;10;8;8;7;7;14;16;9;14;739.980,00 €
Dro;17;39459;115;177;Spagna,Filippine;BOLOGNA;37890000;C/T SC;2000402688;13;14;11;5;10;14;12;20;10;8;3;3;2;3;1;3;1;1;1;2;4;7;11;12;14;11;14;12;17;8;12;10;11;14;11;11;9;14;7;15;11;6;11;6;5;13;8;7;15;331.481,00 €
Robinio Vaz;18;39130;114;143;Francia,Guinea-Bissau,Senegal;SPORTING LISBONA;21854221;S S;2000290881;15;13;12;14;10;13;15;20;11;11;2;1;3;1;3;3;1;1;1;4;2;16;10;11;11;10;10;14;12;6;12;8;12;11;13;7;8;11;12;12;5;13;11;5;5;11;10;5;12;2.774.956,00 €
Paulo Iago;18;39182;88;135;Spagna;ASTANA;1205998;C/T DSC;2000293317;12;14;10;7;20;11;10;11;9;6;3;2;2;3;1;1;1;1;2;1;3;6;10;7;11;8;11;16;16;5;10;3;11;13;4;10;10;12;9;13;8;3;12;4;3;13;7;4;15;233.944,00 €
Ulises Giménez;19;38718;105;120;Argentina;VALENCIA;706199;D DC;2000175926;12;12;11;11;11;11;10;20;6;9;2;3;2;3;2;2;2;1;3;3;2;14;11;12;10;9;16;15;5;5;7;15;10;12;11;7;11;7;9;14;7;13;10;5;12;9;5;11;13;51.266,00 €
Shaqueel van Persie;18;39037;112;150;Paesi Bassi,Marocco,Inghilterra;AZ ALKMAAR;10100000;T/S DS;2000177913;13;13;11;14;20;14;12;12;8;9;1;1;3;2;2;2;3;1;1;4;3;8;11;10;12;11;10;14;14;5;15;5;11;7;12;11;14;13;12;11;10;15;11;4;5;15;12;3;12;96.093,00 €
Tobias Slotsager;19;38718;105;140;Danimarca;LEEDS;3365999;D C;2000178532;11;10;10;14;8;13;11;20;13;13;1;2;2;2;2;1;3;1;2;1;3;13;12;12;11;11;11;14;7;13;7;11;13;10;13;8;6;10;6;11;4;12;5;8;12;11;10;12;11;369.930,00 €
Marc Bernal;18;39223;125;163;Spagna;REAL BETIS;39479999;M/C C;2000295603;11;12;13;14;20;13;12;10;12;13;3;3;1;2;1;2;2;1;2;3;3;11;12;11;15;12;14;14;14;8;12;13;14;15;12;6;7;12;10;14;9;11;12;6;10;14;9;11;15;899.553,00 €
Mateus Mide;17;39578;91;151;Portogallo,Brasile;DINAMO ZAGABRIA;5549999;T SC;2000407494;12;13;13;6;13;12;12;20;11;8;3;3;3;4;1;2;1;1;2;1;1;8;9;8;13;9;10;10;13;5;11;4;9;12;7;5;6;13;9;14;11;7;5;5;2;10;8;4;14;88.391,00 €
Yoram Zague;19;38852;115;149;Francia,Costa d'Avorio;ZENIT;5235999;D/TF D;2000179714;16;14;12;6;10;13;14;20;11;7;4;2;2;3;2;2;3;1;2;3;2;13;12;10;11;9;10;13;10;8;13;8;13;12;13;8;13;12;7;11;6;8;9;5;8;12;8;8;11;1.073.988,00 €
Giacomo Gabbiani;19;38887;85;133;Italia;FIORENTINA;917999;S ;2000179918;10;10;8;10;5;10;10;20;14;10;3;4;1;2;1;4;2;1;2;2;3;10;13;10;10;12;12;14;8;8;11;10;10;10;10;6;7;10;14;12;9;10;10;6;5;10;10;7;10;16.788,00 €
Uroš Sremčević;19;38831;94;130;Serbia;ANDERLECHT;1087599;S ;2000180162;11;11;12;12;20;11;12;8;12;11;4;3;2;1;2;3;2;1;3;2;2;11;12;11;11;11;11;12;12;10;12;11;12;10;13;8;8;9;11;11;8;12;10;5;7;11;11;7;11;9.086,00 €
Edan Diop;20;38227;105;137;Francia,Senegal,Marocco;MANCHESTER UNITED;2042999;C/T C;2000031554;13;13;10;9;8;15;12;20;11;11;2;2;4;3;2;1;3;1;2;2;3;11;12;10;6;11;15;12;9;13;13;11;11;11;12;11;12;12;10;11;9;9;9;6;10;12;9;11;12;569.998,00 €
Elijah Dijkstra;18;38934;116;140;Paesi Bassi;AZ ALKMAAR;12979999;D/TF DS;2000181028;15;13;12;8;12;14;15;20;12;9;1;3;3;1;2;2;2;1;2;3;2;16;11;14;8;11;9;15;12;8;13;9;12;9;15;6;11;12;8;11;5;6;7;13;9;10;10;12;11;136.106,00 €
Jofre Torrents;18;39110;115;142;Spagna;REAL BETIS;9488000;D/TF S;2000297306;13;12;12;11;20;14;13;8;12;13;1;1;3;3;2;3;3;1;2;1;1;13;12;12;11;11;14;14;12;8;11;13;12;11;12;6;12;12;8;13;7;11;9;10;11;12;8;12;13;94.889,00 €
Juan Hernández;18;39284;95;131;Spagna;ASTANA;331999;C/T SC;2000297543;13;14;12;5;12;14;12;20;8;6;3;3;2;1;2;3;3;1;1;4;1;8;9;9;10;9;12;14;16;7;10;5;9;12;8;10;9;14;9;13;10;6;9;6;5;12;9;6;14;83.938,00 €
Kees Smit;19;38737;138;161;Paesi Bassi;VILLARREAL;61762501;M/C/T C;2000181764;13;13;13;11;15;12;12;20;13;12;2;2;1;1;1;3;3;1;2;1;1;9;14;11;14;11;13;14;14;10;11;9;12;15;12;11;9;15;12;15;11;10;12;6;8;13;12;10;15;116.972,00 €
Eli Junior Kroupi;19;38891;132;156;Francia,Costa d'Avorio;ARSENAL;48368054;S C;2000181790;15;16;13;10;10;14;14;20;13;7;2;2;1;3;1;3;1;1;1;2;2;9;13;8;15;12;14;13;14;7;13;7;13;13;14;8;11;14;15;13;10;11;13;5;7;12;15;7;16;1.805.124,00 €
Mikey Moore;17;39305;124;175;Inghilterra,Galles;JUVENTUS;30143249;T DSC;2000298715;15;11;10;11;15;6;14;20;12;13;1;1;2;3;3;2;2;1;3;4;2;6;9;7;11;10;12;7;13;4;12;4;14;14;13;4;11;15;13;15;5;4;6;2;5;12;5;4;14;2.707.685,00 €
Joan Martínez;17;39314;106;156;Spagna;REAL BETIS;23000000;D C;2000299435;6;10;9;16;11;13;10;20;5;14;2;1;1;2;3;2;2;1;2;2;2;15;13;15;10;10;14;16;5;13;7;12;8;8;9;5;6;1;8;9;2;15;8;8;14;8;5;11;8;170.404,00 €
Diego Aguado;18;39120;99;110;Spagna;ASTANA;582999;D/TF SC;2000299717;15;12;5;8;20;11;14;9;9;11;2;1;2;3;3;2;1;1;3;2;3;15;9;15;10;9;13;15;5;10;6;10;9;8;13;5;12;11;6;10;2;9;5;5;10;12;2;14;9;75.575,00 €
Josh Acheampong;19;38842;134;155;Inghilterra,Ghana;LIVERPOOL;45367228;D DC;2000184611;16;9;16;15;12;9;15;20;13;13;3;2;1;3;1;3;1;1;1;1;2;10;12;10;15;13;13;10;6;6;11;13;12;7;15;5;9;10;8;14;3;13;11;12;12;11;8;14;13;902.562,00 €
Tidiam Gomis;18;38937;116;157;Francia,Senegal;ASTANA;11309999;T DS;2000187477;15;13;12;11;9;12;16;20;12;10;3;3;2;2;4;1;2;1;4;3;2;11;10;10;9;8;9;12;13;6;10;7;11;10;12;11;11;13;9;12;10;10;10;6;7;11;12;7;13;1.495.846,00 €
Assan Ouédraogo;19;38846;136;156;Germania,Burkina Faso;PAOK SALONICCO;84499999;C/T SC;2000188173;13;16;16;14;12;7;13;20;13;11;2;3;3;3;2;3;1;1;1;3;3;11;12;11;12;12;12;15;16;10;13;9;12;12;12;8;10;16;12;15;11;12;14;8;8;13;12;10;16;2.493.116,00 €
Álvaro Montoro;18;39189;124;151;Argentina,Italia;VALENCIA;9787511;T DSC;2000188763;13;15;13;6;8;11;12;20;12;8;3;3;3;2;1;2;3;1;1;2;3;12;13;13;12;12;13;11;15;8;13;7;12;13;13;11;11;15;12;15;11;5;12;6;7;15;11;8;15;470.776,00 €
Joan Tincres;19;38885;92;123;Francia;BOLOGNA;524999;S ;2000188768;12;11;12;12;8;12;12;20;10;11;1;1;1;2;1;3;2;1;2;3;2;10;10;11;11;10;10;13;12;8;12;6;13;12;12;8;7;10;12;11;9;12;10;4;6;10;11;6;11;36.825,00 €
Silvano Vos;20;38427;88;117;Paesi Bassi,Suriname;PAOK SALONICCO;109723;M/C/T C;2000046151;11;12;13;12;12;11;13;20;9;12;1;3;1;3;2;1;2;1;1;1;4;11;9;12;9;8;8;12;12;8;11;7;8;11;9;10;9;12;6;12;7;8;10;6;8;11;11;9;13;519.996,00 €
Trent Kone-Doherty;19;38898;92;132;Repubblica d'Irlanda,Irlanda del Nord;MILAN;358286;T DS;2000191248;14;14;13;2;8;9;14;20;8;6;2;2;1;3;3;3;1;1;2;2;2;11;10;9;11;11;10;12;13;2;10;4;9;11;10;6;12;13;8;13;5;2;8;1;4;11;6;4;14;120.342,00 €
Finlay Cartwright;18;39141;83;125;Inghilterra;PARIS SAINT GERMAIN;481337;M/C C;2000305358;7;11;13;8;20;10;10;9;11;8;3;3;2;3;1;1;2;1;2;1;3;7;12;10;13;11;8;15;5;7;11;12;10;12;10;7;7;9;12;12;7;7;12;5;12;12;8;8;11;60.171,00 €
Keyrol Figueroa;18;38960;85;122;Stati Uniti,Honduras,Inghilterra;BODO/GLIMT;234054;S DS;2000191843;13;12;11;12;6;11;13;20;9;11;2;1;3;3;1;3;1;1;2;1;1;8;10;8;10;9;11;13;10;3;11;5;10;9;11;3;7;8;12;12;4;12;9;4;4;10;11;5;11;57.824,00 €
Sindre Walle Egeli;19;38889;123;155;Norvegia;VILLARREAL;19955210;T/S D;2000193842;14;13;10;10;20;14;14;10;11;8;1;3;3;1;2;2;1;1;1;2;1;11;14;10;13;11;11;14;15;4;13;6;9;14;12;10;13;14;13;14;10;9;11;5;5;13;12;6;14;1.323.757,00 €
Tijn den Boggende;19;38876;103;145;Paesi Bassi;CELTIC;8180000;S ;2000199407;11;12;13;15;20;12;11;7;10;14;1;2;4;2;2;2;2;1;2;3;3;5;13;4;12;8;11;13;13;5;12;3;9;8;10;9;6;12;11;15;9;13;10;5;8;11;6;5;15;56.861,00 €
Amin Chiakha;19;38788;110;136;Algeria,Danimarca;EINTRACHT FRANCOFORTE;3003192;S ;2000202298;13;12;12;14;10;14;13;20;12;12;1;2;1;2;1;3;1;1;1;2;1;14;12;14;12;11;11;16;12;7;13;3;13;10;14;5;7;12;13;12;5;12;10;2;4;11;12;6;12;69.618,00 €
Yasin Özcan;19;38827;105;133;Turchia;ANDERLECHT;5278366;D SC;2000204346;10;12;11;12;20;14;10;10;12;12;2;2;2;2;4;3;2;1;2;3;2;13;13;14;13;11;11;17;9;8;10;11;13;12;13;7;10;8;7;11;5;12;11;11;12;11;8;12;11;1.203.416,00 €
Ismaëlo Ganiou;20;38425;117;140;Burkina Faso,Francia;REAL SOCIEDAD;1844998;D C;2000205277;12;12;13;12;8;13;14;20;13;12;2;1;4;1;1;3;3;1;2;1;1;14;13;12;13;12;11;13;10;12;13;13;13;11;14;6;11;12;8;13;5;13;6;5;13;12;6;13;12;312.286,00 €
Ousmane Diallo;18;39245;88;146;Spagna,Senegal;BENFICA;1463999;T DS;2000310724;13;10;9;9;10;12;12;20;10;8;2;3;2;1;1;1;2;1;2;1;3;6;7;9;8;9;8;11;11;12;7;8;9;7;14;9;14;13;7;13;8;8;8;2;6;9;3;9;9;48.979,00 €
Thiago;17;39297;93;157;Spagna,Marocco;REAL BETIS;7760000;C/T C;2000310973;13;13;6;7;8;12;9;20;8;4;2;2;3;4;2;3;2;1;1;2;1;15;5;8;12;6;12;12;14;10;12;9;8;13;9;7;9;11;11;14;7;5;13;3;3;12;9;9;13;40.254,00 €
Oskar Pietuszewski;17;39588;101;156;Polonia;LIVERPOOL;36900000;T DS;2000311463;12;15;12;7;10;14;12;20;9;8;1;2;2;1;2;3;2;1;2;1;1;8;12;12;9;10;10;15;14;6;11;7;12;13;13;10;11;14;10;10;9;10;10;6;7;11;7;7;13;701.952,00 €
Álex Pérez;19;38847;80;140;Spagna,Mozambico;VILLARREAL;1279999;D C;2000313151;11;9;10;14;10;13;10;20;11;13;3;3;4;2;2;2;2;1;1;2;1;12;12;9;7;8;8;12;8;7;6;11;11;7;11;3;5;7;5;8;4;12;5;6;12;9;4;11;9;85.924,00 €
Christian Kofane;18;38924;125;166;Camerun;PSV;73600000;T/S C;2000426277;15;13;13;14;9;12;15;20;13;13;1;2;1;1;1;4;2;1;3;2;1;13;14;13;12;10;11;15;12;4;14;6;12;10;15;6;9;13;13;11;8;13;11;6;6;11;12;6;12;1.495.846,00 €
Zé Lucas;17;39530;117;158;Brasile;LEEDS;13781760;M/C C;2000443913;13;15;11;8;10;12;13;20;12;10;3;3;2;3;2;4;2;2;1;1;2;10;13;13;13;12;13;14;12;13;12;13;13;14;13;5;10;13;7;12;6;8;8;7;14;14;8;13;13;137.791,00 €
Bogdan Popov;18;39176;114;134;Ucraina;PARIS SAINT GERMAIN;3694499;S ;2000328963;12;11;14;14;4;7;11;20;13;12;1;3;1;1;1;3;4;2;1;1;2;12;13;14;13;15;13;19;15;2;13;13;14;13;14;8;8;12;13;13;8;14;12;8;4;13;10;10;14;333.647,00 €
Wesley Lima;17;39469;67;124;Brasile;ASTANA;73253;T DS;2000331308;13;15;3;3;20;11;13;9;5;1;3;3;1;3;1;1;3;2;1;1;2;8;4;3;12;5;6;4;9;11;5;5;8;7;7;10;9;13;8;11;5;4;6;1;5;13;8;6;11;6.017,00 €
Rayan;18;38932;131;152;Brasile;LIVERPOOL;49486613;T/S D;2000218544;15;14;14;13;20;14;15;8;13;15;2;3;1;1;3;1;3;2;3;1;2;10;12;12;13;11;13;15;13;7;14;7;12;9;13;7;11;13;14;13;11;11;13;7;7;11;11;7;13;2.707.685,00 €
Gonçalo Sousa;19;38898;103;142;Portogallo;LEEDS;6269999;C/T D;2000218708;13;12;9;10;20;13;13;7;10;8;1;2;1;1;2;3;3;2;3;2;2;8;10;11;12;12;12;11;14;7;12;7;11;10;13;12;12;13;11;13;8;7;9;6;5;12;6;8;14;161.198,00 €
Pau Prim;19;38770;110;146;Spagna;BASILEA;7002878;M/C C;2000219666;12;13;14;8;15;14;9;20;12;8;3;3;2;3;3;1;2;2;1;1;2;9;11;10;11;11;12;14;14;11;10;11;13;14;10;7;7;9;8;13;8;9;10;5;9;14;8;11;13;2.079.984,00 €
Cole Campbell;19;38768;118;156;Stati Uniti,Islanda;LEEDS;6762000;T DSC;2000085150;17;15;10;6;20;12;17;9;12;7;1;2;2;2;3;1;4;2;2;4;1;7;9;8;8;8;8;12;14;3;11;5;10;11;10;12;10;14;8;12;12;6;10;6;5;10;12;6;12;997.210,00 €
Justin Lerma;17;39573;103;161;Ecuador;ATALANTA;4058580;T C;2000338014;9;13;10;13;10;13;13;20;14;6;1;2;2;3;2;2;1;2;2;1;2;9;10;3;7;7;12;14;13;3;10;9;10;13;13;8;10;14;14;14;8;8;10;6;8;13;5;9;14;3.309,00 €
Francesco Camarda;17;39517;115;172;Italia;JUVENTUS;22612500;S ;2000338371;13;13;12;12;12;14;13;20;11;10;2;1;3;4;4;3;3;2;1;3;1;9;13;14;12;12;9;15;12;8;13;6;12;12;11;5;7;12;15;12;5;13;10;6;5;11;13;5;13;1.480.021,00 €
Emre Ünüvar;17;39525;101;150;Paesi Bassi,Turchia;INTER;8300000;S ;2000350902;13;12;7;8;13;13;13;20;10;6;2;2;3;3;1;4;1;2;1;3;1;12;10;8;16;6;12;17;15;3;13;4;10;12;10;6;9;15;12;16;9;7;11;9;4;11;10;3;13;57.884,00 €
Mustafa Hekimoğlu;18;39194;115;133;Turchia;GLASGOW RANGERS;4944000;T/S DS;2000237714;12;12;8;14;11;14;15;20;11;13;1;3;4;2;1;2;3;2;3;3;3;15;12;14;12;10;10;16;14;8;13;8;14;11;14;4;6;12;13;11;4;12;7;3;7;11;8;6;14;753.940,00 €
Òscar Gistau;17;39515;90;140;Spagna;SIVIGLIA;1699999;S ;2000352027;12;11;11;12;12;14;13;20;10;10;1;1;3;1;3;2;3;2;3;1;3;12;9;9;11;8;9;14;12;7;12;5;8;8;9;2;6;9;13;11;8;12;9;6;5;8;11;7;11;77.981,00 €
Andrea Natali;17;39475;95;132;Italia;TOTTENHAM;1832999;D C;2000352129;11;10;12;13;9;14;12;20;11;12;1;2;4;3;2;2;1;2;3;1;2;14;11;12;11;10;9;15;8;12;7;12;12;11;11;2;6;10;6;11;6;12;6;6;12;12;8;12;11;348.991,00 €
Alejo Sarco;19;38723;112;130;Argentina,Italia;SIVIGLIA;1274999;S ;2000110066;15;13;12;12;20;10;15;8;12;12;3;3;2;3;4;3;2;2;3;2;2;13;12;13;10;10;10;14;12;8;12;6;12;10;14;8;8;12;11;12;10;12;12;6;6;11;13;7;13;847.626,00 €
Lorenzo Venturino;19;38890;118;169;Italia;ANDERLECHT;13455000;T DS;2000246890;13;12;11;12;9;11;12;20;13;9;2;1;3;1;3;1;3;2;1;3;2;11;12;14;11;12;10;13;10;6;13;13;15;13;12;9;10;13;11;14;9;8;13;8;7;13;11;9;15;189.959,00 €
Reggie Walsh;16;39741;110;146;Inghilterra;ASTANA;12038014;M/C/T C;2000476255;14;12;16;6;14;14;10;20;8;7;3;2;1;1;1;1;2;2;2;3;1;6;10;11;12;10;13;8;7;12;11;7;10;13;11;11;11;8;8;13;11;11;13;4;5;13;8;11;14;18.352,00 €
Enoch Mastoras;19;38861;116;140;Paesi Bassi,Repubblica Democratica del Congo;GLASGOW RANGERS;15387499;D/TF/M/C DC;2000126653;12;13;13;10;10;10;11;20;11;12;2;2;3;2;4;1;3;2;3;1;3;13;13;14;14;12;11;14;11;8;10;13;13;12;12;7;8;12;6;12;6;10;7;9;13;12;10;13;12;128.104,00 €
Jonah Kusi-Asare;18;39267;104;148;Svezia,Ghana,Finlandia;JUVENTUS;4420000;S ;2000251820;12;12;13;16;12;10;13;20;11;13;1;2;1;1;2;3;3;2;2;3;3;10;10;12;10;9;9;13;13;4;11;5;9;9;11;6;8;12;11;13;8;12;10;6;3;10;13;5;13;997.210,00 €
Matías Acevedo;17;39487;92;160;Argentina;AJAX;11474999;C/T C;2000251841;12;13;6;4;10;13;11;20;7;5;4;1;1;2;2;4;1;2;1;2;1;6;7;9;10;6;13;16;15;6;10;6;8;13;9;7;6;13;13;11;13;9;9;2;6;12;8;7;12;17.811,00 €
Ethan Butera;19;38823;101;149;Belgio;INTER;7084999;D/M SC;2000127875;9;9;10;11;20;5;10;10;9;12;2;1;2;2;1;1;3;2;2;3;2;15;13;16;11;11;12;11;8;12;10;12;10;10;10;5;9;11;5;13;6;12;10;5;12;13;3;12;13;207.950,00 €
Rayane Bounida;19;38779;124;167;Belgio,Marocco;AZ ALKMAAR;41240000;T DSC;2000127879;14;16;11;8;14;8;13;20;12;8;3;1;2;2;2;3;3;2;2;1;3;7;9;12;10;10;10;13;17;4;11;4;9;13;11;15;10;16;11;16;15;6;10;4;4;11;14;4;16;499.177,00 €
Darío Osorio;21;38010;122;142;Cile;LIONE;5049971;C/T D;2000129380;14;14;11;11;20;13;14;11;11;9;2;2;3;1;2;3;2;2;3;2;1;13;11;8;12;11;12;14;14;7;12;7;12;13;12;12;12;13;12;12;13;8;15;9;6;13;8;6;14;435.336,00 €
Maher Carrizo;19;38767;120;131;Argentina;ATHLETIC BILBAO;13969999;T/S D;2000253999;14;14;12;11;20;15;13;7;14;11;3;3;2;3;3;3;2;2;2;3;3;14;12;11;12;11;11;13;14;10;14;8;12;11;11;12;11;12;13;13;12;10;13;8;6;10;12;7;13;779.994,00 €
Samuel Nibombé;17;39309;99;158;Belgio;BOLOGNA;7730999;D/M C;2000254426;11;8;12;16;8;11;10;20;10;12;4;1;3;4;2;1;3;2;3;3;1;12;12;13;11;12;9;12;11;12;9;11;10;11;10;10;10;8;6;10;7;12;5;8;11;9;10;12;11;61.675,00 €
Shea Lacey;18;39186;115;150;Inghilterra,Repubblica d'Irlanda;DINAMO ZAGABRIA;11791160;T DC;2000256110;14;15;12;4;20;10;13;12;12;8;1;1;3;2;2;2;1;2;2;1;3;13;11;10;13;9;8;14;18;4;12;5;11;12;13;13;10;15;12;13;14;3;15;2;2;13;7;5;14;120.342,00 €
Sebastian Olderheim;18;39271;102;140;Norvegia;ARSENAL;2169431;C DC;2000257060;12;13;14;6;13;14;11;20;11;9;2;2;3;3;1;2;3;2;3;3;2;6;13;10;14;9;12;13;16;9;11;7;8;13;11;5;8;13;10;14;8;5;9;4;6;13;9;6;14;43.503,00 €
Oskar Spiten-Nysæter;17;39323;109;165;Norvegia;BORUSSIA DORTMUND;7109897;T/S DSC;2000257061;14;12;9;7;9;12;13;20;11;10;2;1;2;3;1;1;3;2;3;2;1;14;11;12;12;9;11;14;14;7;12;7;11;11;11;8;9;13;10;13;9;8;10;5;7;9;11;5;12;95.792,00 €
José Neto;17;39557;99;164;Portogallo;ATHLETIC BILBAO;16500000;D/TF S;2000378240;12;11;11;12;20;16;14;6;11;12;2;1;3;2;3;1;3;2;2;3;2;13;12;11;11;12;12;14;12;8;13;10;11;12;13;9;11;11;9;12;6;8;10;7;8;12;6;11;12;166.372,00 €
Trey Nyoni;18;39263;123;157;Inghilterra,Zimbabwe;SPORTING LISBONA;20230499;M/C/T C;2000261214;13;16;13;7;9;10;13;20;12;8;4;2;3;4;3;2;1;2;1;3;1;11;13;7;15;13;13;13;12;5;13;8;13;13;13;8;8;12;8;15;8;6;9;3;6;15;7;8;15;481.366,00 €
Santiago López;19;38757;118;138;Argentina;VALENCIA;13829999;C/T DS;2000261789;15;14;7;6;10;13;13;20;12;8;3;3;3;1;2;1;3;2;2;3;2;11;12;6;10;8;11;11;15;4;13;9;15;12;15;11;16;14;11;11;8;5;13;8;8;12;10;7;13;9.928,00 €
Ayyoub Bouaddi;17;39357;130;172;Francia,Marocco;LIVERPOOL;87999999;M/C C;2000381365;12;12;11;11;10;14;12;20;14;14;1;2;3;2;1;4;3;2;3;1;3;11;14;12;12;14;13;16;12;7;7;14;14;14;14;5;13;13;8;14;4;10;7;5;15;15;11;14;15;1.039.992,00 €
Guido Della Rovere;18;39237;96;133;Italia,Lituania;NEWCASTLE;1684000;C/T C;2000261857;12;13;11;12;20;10;12;7;12;9;1;1;2;2;1;3;3;2;2;2;2;10;10;10;11;10;9;12;14;10;10;8;11;12;11;12;11;13;8;13;12;8;10;6;7;13;12;8;14;498.575,00 €
Chido Obi;17;39415;102;147;Danimarca,Inghilterra,Nigeria;AJAX;9210759;S ;2000382120;12;12;12;14;8;12;14;20;11;11;2;3;1;1;1;3;4;2;1;3;3;12;13;10;13;10;8;12;10;5;13;4;10;8;12;4;7;11;13;14;5;11;9;4;5;9;11;5;12;1.805.124,00 €
Ryan Francisco;18;39042;112;168;Brasile;PORTO;8976317;S ;2000263566;13;13;13;11;20;12;13;10;11;9;2;3;3;3;1;3;3;2;1;3;2;8;13;8;13;12;13;12;12;8;14;9;9;9;9;11;9;12;14;12;8;12;9;6;6;11;13;6;12;100.967,00 €
Pedro Lima;19;38899;110;154;Brasile;VALENCIA;11012025;D/TF D;2000264337;14;15;10;7;10;14;13;20;13;7;2;3;3;3;1;3;3;2;1;2;1;8;12;9;11;10;10;12;13;7;14;11;11;11;11;10;14;13;8;13;6;9;7;9;11;11;8;10;13;505.435,00 €
Ibrahim Mbaye;17;39471;124;166;Senegal,Francia;GENT;21400000;T DS;2000385919;15;14;12;13;10;13;14;20;11;8;2;2;1;1;1;2;1;2;1;2;2;10;11;13;11;10;10;14;14;7;13;8;13;14;12;10;11;14;11;14;9;12;10;4;6;13;11;6;14;415.961,00 €
Gioele Giammattei;16;39953;78;135;Italia;LEEDS;1619999;C C;2000492108;11;11;9;8;9;16;12;20;12;10;2;3;1;3;1;1;1;2;3;2;1;12;11;10;10;12;10;15;12;12;11;8;13;8;13;7;5;9;10;10;6;8;10;4;6;9;8;11;10;13.238,00 €
Aaron Bouwman;17;39322;95;150;Paesi Bassi,Inghilterra;AZ ALKMAAR;9177499;D C;2000269520;11;12;14;14;7;11;12;20;11;13;2;2;3;3;2;2;2;2;2;3;3;7;9;12;9;10;9;15;12;12;12;11;12;11;14;7;7;9;6;11;7;11;7;6;11;12;5;11;12;415.961,00 €
Kiano Dyer;18;39042;97;131;Inghilterra,Montserrat;TOTTENHAM;498187;M/C C;2000273472;15;14;7;6;11;13;12;20;13;5;2;3;2;1;2;2;2;2;3;3;2;8;14;8;15;10;13;8;8;7;9;10;11;11;13;10;7;9;4;13;6;5;6;5;6;11;4;10;14;270.769,00 €
Bendito Mantato;17;39472;91;156;Inghilterra,Angola;DINAMO ZAGABRIA;6352646;T DS;2000392431;15;12;10;8;20;14;14;8;10;7;3;1;2;4;3;1;1;2;2;2;2;14;9;10;10;7;7;13;13;6;11;6;10;7;10;7;9;12;10;11;6;4;5;1;5;9;10;5;11;120.342,00 €
Harry Amass;18;39157;125;160;Inghilterra;GENT;23821460;D/TF S;2000280807;14;16;15;9;20;7;13;8;13;9;1;4;3;1;1;2;1;2;2;3;1;12;12;13;14;10;11;7;14;8;13;12;12;12;14;10;12;14;8;14;6;11;5;6;10;13;4;12;14;96.273,00 €
Ben Gannon Doak;19;38667;134;163;Scozia;ARSENAL;52610865;T DS;2000164850;16;15;14;6;14;12;14;20;10;10;1;3;3;3;1;1;1;2;1;3;2;15;11;13;13;11;12;18;15;8;13;5;12;13;14;10;13;17;11;14;6;5;8;3;7;13;7;6;14;2.406.831,00 €
Juma Bah;19;38818;122;156;Sierra Leone;LAZIO;19829360;D C;2000399711;14;13;14;16;7;16;15;20;15;16;4;2;1;1;4;2;1;2;1;4;2;18;12;15;13;13;11;13;5;11;7;13;13;10;13;5;5;6;6;7;6;14;7;5;11;10;7;12;8;1.450.176,00 €
Joane Gadou;18;39099;115;169;Francia,Costa d'Avorio;ZENIT;18845999;D C;2000287960;13;9;15;17;8;13;12;20;13;16;3;3;1;2;3;4;1;2;1;1;1;9;12;13;12;12;10;15;6;8;5;13;12;10;14;6;6;7;6;10;7;15;9;9;12;8;7;11;7;126.660,00 €
Mahamadou Sangaré;18;39147;88;126;Francia,Mali;BODO/GLIMT;337304;S ;2000288733;14;9;6;9;10;13;12;20;10;5;2;2;4;1;2;1;1;2;1;2;1;8;13;7;8;9;13;13;11;10;11;7;8;9;10;4;5;9;14;14;8;13;9;5;5;10;5;6;9;139.175,00 €
Axel Tape;17;39304;118;169;Francia,Costa d'Avorio;ASTANA;83000002;D DC;2000288856;14;12;12;12;9;12;15;20;13;12;1;3;1;1;2;1;3;2;1;2;2;13;11;14;12;12;11;15;12;11;10;12;15;12;14;6;10;12;6;13;6;12;8;12;12;13;8;12;13;1.495.846,00 €
Khalis Merah;18;39137;113;131;Francia,Algeria;REAL BETIS;1781250;M/C/T C;2000288923;11;14;8;7;6;14;11;20;14;7;3;3;3;3;2;2;3;2;3;3;2;13;12;12;13;11;11;14;14;11;13;11;14;14;12;13;13;12;8;14;13;6;12;5;10;14;11;11;15;405.371,00 €
Antoñito Cordero;18;39035;115;136;Spagna;REAL BETIS;11108453;T DS;2000291513;14;13;14;8;9;13;14;20;11;8;2;3;2;4;3;2;3;2;1;1;3;9;11;10;12;11;11;17;13;10;12;6;12;12;14;11;12;13;11;12;13;11;11;6;5;11;12;7;11;1.203.416,00 €
Pedro;19;38753;129;142;Brasile;CHELSEA;6926555;T DSC;2000171727;14;16;12;7;10;13;13;20;11;8;2;1;2;4;1;2;3;2;3;2;4;8;12;11;13;12;13;11;15;10;13;10;13;12;11;12;12;15;12;14;11;10;12;8;10;14;11;9;15;1.191.321,00 €
Agustín Ruberto;19;38731;113;131;Argentina;ATHLETIC BILBAO;4328520;S ;2000173400;12;13;10;11;11;12;13;20;14;12;1;3;3;2;2;2;2;2;1;1;2;9;11;10;11;7;13;7;8;12;13;7;8;7;13;8;6;13;12;13;8;11;9;2;5;12;12;5;8;68.294,00 €
Jesús Fortea;18;39167;104;152;Spagna;MANCHESTER CITY;8335999;D/TF D;2000293312;14;11;7;5;11;15;13;20;12;5;2;2;2;2;3;2;4;2;1;1;2;13;12;11;9;12;12;17;5;1;9;13;14;8;12;7;13;14;7;15;2;10;7;6;12;14;5;11;13;140.138,00 €
Oliver Lukić;18;38982;96;130;Croazia,Austria;REAL SOCIEDAD;2265999;C/T C;2000174791;13;11;12;12;9;13;13;20;13;12;1;4;1;1;2;2;3;2;2;2;2;6;12;11;10;9;11;14;6;7;14;5;13;10;12;6;8;11;7;12;6;11;9;8;6;11;6;8;11;71.784,00 €
Senny Mayulu;19;38854;136;176;Francia,Repubblica Democratica del Congo;AZ ALKMAAR;40236000;C/T/S C;2000179713;14;15;15;11;12;14;14;20;13;9;2;3;3;2;1;1;1;2;1;2;3;11;12;13;13;12;12;13;13;7;14;10;13;12;15;11;10;14;11;15;10;10;11;4;11;14;11;11;13;719.943,00 €
Paris Brunner;19;38763;105;146;Germania,Repubblica Democratica del Congo;CLUB BRUGGE;3542999;T/S DS;2000180882;13;13;12;12;10;13;13;20;11;11;1;3;2;1;1;3;3;2;2;1;1;13;10;8;9;8;9;14;15;10;12;3;9;11;12;8;9;14;13;12;10;11;12;6;3;10;16;4;13;598.338,00 €
Víctor Valdepeñas;18;39010;102;137;Spagna;BARCELONA;2288121;D SC;2000297000;15;14;10;12;20;15;12;6;8;14;4;1;3;2;3;4;3;2;1;1;1;15;8;15;13;12;14;19;6;1;7;12;9;8;10;6;11;11;4;11;4;11;8;4;13;6;6;13;8;109.812,00 €
Daniel Yáñez;18;39169;97;148;Spagna;BODO/GLIMT;6800000;C/T/S D;2000299363;13;14;6;9;20;14;14;6;7;7;1;2;3;3;1;4;3;2;3;3;2;6;10;6;13;6;14;15;12;1;12;7;6;10;10;8;8;12;14;13;8;10;9;8;7;14;8;4;14;67.151,00 €
Lorenzo Riccio;18;38923;88;125;Italia;LIONE;591748;M/C C;2000184400;5;10;15;15;11;13;10;20;8;8;3;1;2;3;2;3;2;2;3;1;2;14;13;9;9;8;11;14;5;4;9;13;13;12;13;8;8;8;6;15;5;8;10;3;9;12;2;15;15;55.598,00 €
Buba Sangaré;17;39300;117;148;Spagna,Mali;BAYERN MONACO;12984000;D D;2000301767;16;16;14;8;8;9;15;20;14;11;3;2;2;4;1;3;1;2;1;1;3;12;13;9;11;9;10;13;13;8;12;10;13;12;13;8;11;12;8;12;6;5;9;12;9;11;8;10;12;279.975,00 €
Ethan Wheatley;19;38737;95;129;Inghilterra;PSV;1044889;T/S DS;2000190311;12;12;12;13;10;12;12;20;12;10;2;3;2;4;1;1;3;2;2;3;3;12;12;12;12;12;8;10;10;5;10;8;10;7;10;5;7;10;12;12;5;10;8;5;7;8;10;8;12;120.342,00 €
Sam Amo-Ameyaw;19;38916;122;149;Inghilterra,Ghana;PAOK SALONICCO;11940000;T DS;2000190479;15;15;13;7;20;13;15;8;12;7;2;2;2;1;1;1;3;2;1;3;2;7;11;9;13;9;11;11;14;7;12;7;10;11;12;6;11;14;11;13;7;7;9;5;6;11;7;7;14;429.920,00 €
Adam Aznou;19;38870;120;150;Marocco,Spagna;AJAX;16462110;D/TF S;2000191507;15;15;14;8;20;13;14;8;13;7;1;3;3;1;1;1;3;2;1;2;3;13;12;12;10;9;10;13;16;10;11;9;12;11;15;12;14;15;7;14;11;6;10;10;9;12;11;11;16;1.203.416,00 €
Mathis Lambourde;19;38726;107;125;Francia;ARSENAL;1406999;T/S DS;2000191931;13;13;12;10;20;11;13;8;12;9;3;3;1;3;2;2;2;2;3;3;1;9;12;9;11;10;10;14;12;7;12;6;12;11;11;9;10;13;13;13;9;10;11;4;6;12;11;7;13;330.157,00 €
Konstantinos Karetsas;17;39405;118;157;Grecia,Belgio;TOTTENHAM;46368005;T DC;2000307251;12;12;11;7;20;12;12;13;11;8;3;1;2;3;1;3;3;2;1;4;2;12;12;12;11;11;12;13;14;9;13;11;13;14;13;12;13;14;12;14;12;8;11;6;8;13;8;7;13;648.220,00 €
Lucas Jetten;18;39240;104;145;Paesi Bassi,Sudafrica;GLASGOW RANGERS;13430000;D/TF SC;2000204688;13;13;10;6;20;9;13;10;11;8;1;3;1;3;1;2;2;2;1;3;3;15;10;11;11;10;10;14;11;7;9;12;12;9;11;7;12;12;8;13;4;6;10;10;12;11;4;12;13;62.397,00 €
Nhoa Sangui;19;38775;118;156;Francia;PSV;12687999;D/TF S;2000205042;14;14;12;10;20;12;14;10;13;11;1;1;2;3;2;3;2;2;2;3;1;12;11;12;12;11;11;13;12;9;12;11;13;12;14;9;12;12;8;13;8;10;10;6;12;12;8;12;11;528.721,00 €
Mohamed Kader Meïté;17;39366;116;150;Francia,Costa d'Avorio;AJAX;41749268;S ;2000426283;14;10;11;15;8;13;14;20;10;14;4;1;1;3;3;2;2;2;2;1;3;10;10;12;13;11;10;15;11;7;13;6;11;11;12;10;9;10;15;13;8;15;10;4;6;11;11;7;12;3.490.387,00 €
Thomás De Martis;17;39625;94;140;Argentina;PAOK SALONICCO;4875000;S ;2000321323;12;5;12;9;14;12;11;20;8;11;3;1;2;2;2;2;3;3;3;2;1;10;11;6;12;5;9;5;13;1;8;6;6;4;7;6;4;12;18;12;6;12;7;4;5;12;14;1;11;15.584,00 €
William Gomes;19;38791;136;141;Brasile;ATALANTA;80000002;C/T DS;2000210551;15;16;13;7;20;12;16;12;12;6;3;2;1;3;2;3;2;3;3;1;3;15;11;15;13;10;10;13;13;7;13;7;8;13;9;13;13;15;13;14;12;8;15;5;7;12;11;13;14;1.196.677,00 €
Saba Kharebashvili;16;39694;110;162;Georgia;ATALANTA;4499999;D/TF S;2000438795;12;12;10;11;20;15;14;5;14;8;1;1;1;1;1;2;1;3;4;2;1;16;12;13;13;12;12;17;10;7;9;11;14;13;14;12;13;11;5;12;12;8;7;12;11;15;9;12;13;3.309,00 €
Bence Dárdai;19;38741;123;153;Ungheria,Germania;PARIS SAINT GERMAIN;22800001;M/C/T C;2000215183;12;12;12;13;7;12;12;20;15;11;2;2;2;3;2;3;2;3;1;2;3;13;12;12;13;12;12;14;13;10;11;10;14;13;13;13;12;12;8;16;14;8;13;6;9;14;13;11;16;847.626,00 €
Kennet Eichhorn;15;40021;110;168;Germania;JUVENTUS;12929999;M/C C;2000330201;11;11;13;12;9;13;12;20;14;12;3;1;2;1;1;4;4;3;3;1;3;13;11;14;13;12;12;16;13;10;8;11;15;11;15;8;8;13;7;13;8;11;8;6;11;13;11;12;13;3.309,00 €
Milton Delgado;20;38519;120;159;Argentina;ANDERLECHT;15825000;M/C C;2000217198;14;14;13;4;8;15;12;20;16;8;1;1;2;3;3;3;3;3;3;2;3;7;13;10;14;13;13;5;11;6;13;14;14;14;15;5;7;11;7;13;6;5;5;5;13;14;5;12;14;222.692,00 €
Kauã Elias;19;38804;125;146;Brasile;SPORTING LISBONA;30645235;S D;2000219701;14;13;13;13;10;13;14;20;14;13;3;2;3;1;1;2;1;3;3;3;2;10;13;11;12;11;12;11;13;5;13;7;10;10;10;7;10;13;13;13;10;13;12;8;7;11;11;7;13;393.878,00 €
Mirza Ćatović;18;39203;107;150;Serbia,Bosnia-Erzegovina,Germania;ATLETICO MADRID;3870000;M/C C;2000332528;11;11;13;15;20;12;12;9;14;13;3;1;2;1;2;2;1;3;1;1;3;15;12;15;12;12;10;15;8;10;8;12;13;11;15;4;7;10;7;12;6;13;9;6;12;12;8;13;12;199.466,00 €
Luís Guilherme;19;38757;122;177;Brasile;LIPSIA;67600001;T DC;2000221458;15;16;11;7;20;15;16;8;12;10;2;2;4;3;2;2;1;3;1;3;2;8;10;9;9;9;9;12;15;3;12;7;9;11;11;10;12;15;11;14;11;8;11;5;5;11;12;6;14;343.876,00 €
Vitor Reis;19;38729;124;142;Brasile;JUVENTUS;30918631;D C;2000221609;13;13;12;13;12;11;13;20;15;13;2;1;1;1;3;4;2;3;1;1;4;10;12;12;13;12;12;9;7;9;7;14;15;9;13;6;9;9;7;11;6;13;7;7;13;11;7;12;11;3.610.247,00 €
Samuele Inácio;17;39540;90;141;Italia,Brasile;BORUSSIA DORTMUND;1634999;C/T C;2000338374;12;14;10;7;7;11;14;20;11;6;2;4;1;2;3;2;1;3;3;2;3;11;8;8;9;8;8;13;15;4;10;5;10;11;9;11;10;14;8;14;11;6;12;5;5;12;11;6;15;54.695,00 €
Claudio Echeverri;19;38719;123;154;Argentina;LIVERPOOL;24438596;C/T SC;2000094152;14;15;12;6;9;12;14;20;12;8;2;1;1;1;3;1;3;3;1;3;4;14;11;13;11;9;10;14;17;12;12;7;12;13;14;13;11;15;11;15;14;6;14;6;7;13;13;8;16;2.406.831,00 €
Adrian Mazilu;19;38608;105;135;Romania;LIPSIA;1780438;T DS;2000094552;14;14;12;11;20;12;15;8;8;10;2;2;2;1;2;3;1;3;2;1;1;9;9;8;11;7;7;14;14;4;10;6;9;12;9;10;11;14;12;14;11;10;12;3;6;11;12;7;13;103.975,00 €
Kjell Wätjen;19;38764;112;131;Germania,Italia;MANCHESTER CITY;1289999;M/C C;2000229933;12;12;12;11;8;14;14;20;14;10;2;1;2;3;1;1;3;3;2;2;1;14;11;13;11;11;11;16;12;12;12;9;16;11;16;11;11;13;10;12;10;11;13;8;9;13;12;11;12;598.338,00 €
Max Moerstedt;19;38732;115;142;Germania;NEWCASTLE;3675000;S ;2000230641;12;12;13;16;9;14;12;20;14;12;2;2;3;3;2;1;4;3;3;3;1;11;13;12;11;12;12;14;12;8;13;6;12;11;13;3;8;11;12;13;10;13;11;6;6;12;13;7;13;1.495.846,00 €
Badredine Bouanani;20;38329;130;169;Algeria,Francia;TOTTENHAM;70600000;C/T DC;2000100062;15;16;12;7;20;14;14;9;12;10;1;3;1;2;3;1;1;3;3;1;1;8;12;12;13;12;12;15;17;6;13;7;12;13;12;12;12;15;10;14;13;5;13;6;6;12;12;6;15;1.994.481,00 €
Keita Kosugi;19;38794;114;145;Giappone;NAPOLI;4488700;D/TF S;2000347399;14;14;10;7;20;14;13;7;15;9;3;3;3;1;3;1;1;3;1;1;4;11;12;13;12;12;12;16;12;5;11;12;13;11;13;13;10;11;6;12;12;6;10;8;11;11;6;11;12;1.196.677,00 €
Elvis van der Laan;17;39507;85;138;Svezia,Paesi Bassi;SPORTING LISBONA;3931999;D C;2000350265;14;10;11;11;7;14;9;20;12;11;3;1;2;2;4;1;3;3;3;1;1;10;10;14;10;10;8;15;6;12;8;10;10;10;10;6;9;6;5;11;8;11;10;7;10;11;4;10;10;103.975,00 €
Guille Fernández;17;39617;110;152;Spagna;MANCHESTER CITY;20000001;C/T C;2000351877;12;13;13;10;12;14;11;20;10;10;3;1;2;4;3;4;2;3;4;2;1;12;9;11;12;9;13;14;17;8;11;9;11;14;11;8;7;14;9;14;8;9;10;7;7;13;8;8;15;117.754,00 €
Toni Fernández;17;39634;110;163;Spagna;ATHLETIC BILBAO;20000001;C/T/S DC;2000351880;12;13;12;8;20;14;11;9;10;8;1;3;2;1;2;1;3;3;1;3;2;8;9;10;11;8;13;14;17;6;13;5;11;13;10;11;11;14;12;14;11;9;12;6;5;12;15;7;15;117.754,00 €
Joaquin Seys;20;38439;123;133;Belgio;LAZIO;21000000;D/TF DS;2000108398;13;13;13;10;20;13;13;12;14;11;3;1;2;2;2;3;3;3;1;2;3;13;12;12;11;12;12;12;9;8;12;11;13;10;13;8;12;10;11;11;8;10;7;12;12;11;8;13;11;448.754,00 €
Niccolò Fortini;19;38761;120;163;Italia;PARIS SAINT GERMAIN;19140000;D/TF/C DS;2000241002;14;13;12;11;10;12;14;20;14;10;4;2;2;3;2;2;1;3;1;2;2;11;13;12;9;11;10;12;12;8;13;10;10;11;12;8;12;14;9;11;5;9;11;8;9;11;10;11;12;569.938,00 €
Mattia Almaviva;19;38751;74;96;Italia;ATLETICO MADRID;45799;C/T S;2000241400;14;13;5;12;20;15;13;9;6;6;2;1;3;2;3;2;3;3;3;1;3;7;5;5;8;8;9;8;9;6;12;6;8;10;11;7;9;11;10;13;7;5;9;5;7;13;6;6;10;21.661,00 €
Lorran;19;38902;114;160;Brasile;VALENCIA;9412521;T DC;2000241678;15;13;12;12;20;13;15;10;10;12;1;2;2;3;3;1;3;3;1;3;1;11;8;9;10;8;10;14;13;6;12;5;9;13;10;8;9;14;11;12;7;8;11;6;9;11;10;8;14;94.107,00 €
Jeremy Monga;16;40004;123;151;Inghilterra,Repubblica Democratica del Congo;REAL BETIS;16338682;T SC;2000474101;17;13;16;9;15;9;14;20;10;8;3;3;2;4;4;1;1;3;3;3;2;11;10;9;10;10;11;9;16;8;10;5;9;8;11;11;10;16;11;13;10;6;9;6;5;9;11;5;12;18.352,00 €
Denner;17;39503;74;157;Brasile;SIVIGLIA;601824;D S;2000366429;14;14;8;11;20;12;14;6;10;7;2;2;3;2;2;3;2;3;2;4;2;14;6;9;8;10;7;11;5;2;7;14;8;7;8;7;10;7;1;10;5;8;4;7;9;9;4;12;7;6.017,00 €
Ibrahim Rabbaj;16;39816;80;139;Marocco,Inghilterra;BOLOGNA;2365175;T DSC;2000476257;13;14;6;4;20;12;12;11;8;4;2;3;3;1;3;2;2;3;2;2;1;6;8;6;10;6;7;6;13;10;9;7;7;10;6;8;10;14;11;13;9;3;10;8;6;9;9;10;15;18.352,00 €
Ryan Kavuma-McQueen;16;39814;100;144;Inghilterra,Uganda;ATLETICO MADRID;9835609;T/S DS;2000476259;15;10;9;6;20;10;14;12;8;7;3;2;1;3;1;3;3;3;2;2;1;15;7;6;9;10;9;13;7;7;5;7;7;9;12;9;7;8;12;9;7;3;10;9;5;6;5;10;13;18.352,00 €
Nathan De Cat;17;39648;120;177;Belgio;AZ ALKMAAR;51060002;M/C C;2000368243;11;11;12;13;11;15;12;20;14;14;1;3;2;1;3;3;3;3;1;3;3;12;13;12;14;12;13;13;11;9;13;12;14;13;14;6;10;11;8;13;7;11;10;5;12;12;6;12;11;234.305,00 €
Ibrahim Diarra;18;39063;100;144;Mali;SIVIGLIA;5456000;C/T DC;12095249;12;13;11;10;20;14;12;5;11;9;1;2;1;3;2;3;1;3;2;1;2;10;11;13;11;10;11;14;16;11;12;6;10;14;12;10;11;14;11;12;10;10;11;8;7;12;11;8;14;117.754,00 €
Gonzalo Escudero;18;39173;103;131;Argentina;NAPOLI;2722199;D C;2000251840;14;10;10;11;20;6;12;9;11;8;4;2;2;2;1;1;1;3;2;1;1;6;11;10;10;10;14;11;5;10;7;12;8;12;10;5;4;11;7;13;2;10;7;4;14;12;6;12;12;17.811,00 €
Mattia Liberali;18;39178;107;161;Italia;ATLETICO MADRID;4122000;C/T DC;2000252799;13;14;14;7;20;14;12;9;11;8;1;1;1;2;3;3;3;3;3;1;3;7;14;13;11;10;8;14;14;6;13;6;11;14;10;9;12;15;8;13;8;7;12;6;4;14;11;4;14;165.771,00 €
Thiago Helguera;19;38802;116;148;Uruguay;PARIS SAINT GERMAIN;11160000;M/C C;2000253220;12;12;12;10;8;13;12;20;10;12;2;1;2;1;3;1;1;3;1;3;1;12;11;13;12;12;14;13;13;11;12;12;14;13;14;9;10;12;9;13;9;9;11;8;13;14;9;11;13;441.954,00 €
Chris Rigg;18;39251;127;144;Inghilterra;REAL BETIS;15036912;M/C/T DC;2000254692;9;10;13;8;20;16;12;10;14;12;1;2;3;1;3;3;3;3;2;3;3;14;12;13;14;12;11;13;12;13;10;14;12;14;14;11;11;12;12;15;11;9;9;9;10;15;11;13;16;2.286.490,00 €
Sverre Nypan;18;39070;118;169;Norvegia;ATALANTA;23563033;C/T C;2000254793;13;13;13;8;18;13;12;20;11;8;2;1;3;3;4;2;3;3;2;1;1;12;12;10;10;9;10;16;16;7;11;10;12;14;11;9;11;13;9;13;9;7;10;6;8;13;9;7;13;2.406.831,00 €
Lennart Karl;17;39500;130;175;Germania;LIONE;46500000;C/T DC;2000375662;15;16;12;5;20;12;12;9;14;6;2;1;1;3;2;2;2;3;1;1;3;7;12;8;12;10;12;13;16;5;12;6;12;13;11;13;12;16;12;16;15;6;16;4;6;13;15;6;16;1.495.846,00 €
Daniel Banjaqui;17;39531;105;152;Portogallo,Guinea-Bissau;AJAX;9300000;D/TF D;2000378259;13;14;11;10;7;18;16;20;11;12;3;1;1;3;3;2;3;3;1;3;1;12;14;9;12;10;10;16;13;6;12;10;12;9;12;6;13;13;6;10;5;7;6;10;8;10;6;11;12;166.372,00 €
Ashley Phillips;20;38529;116;142;Inghilterra,Galles;EINTRACHT FRANCOFORTE;12412153;D C;2000137635;13;9;12;16;10;12;15;20;12;13;2;3;3;2;3;3;2;3;2;1;1;9;13;12;11;9;12;14;5;8;9;15;13;11;13;4;6;7;5;11;6;11;4;8;11;11;5;13;10;1.203.416,00 €
Estêvão;18;39196;138;188;Brasile;FIORENTINA;80945903;T DSC;2000263999;16;17;15;7;20;9;15;8;11;6;3;1;3;2;2;1;3;3;3;1;3;8;14;8;11;10;12;9;16;4;13;5;9;14;12;12;15;18;13;14;11;8;10;3;5;14;11;5;17;4.211.955,00 €
Matteo Palma;17;39520;115;170;Germania,Italia,Camerun;COPENAGHEN;37200000;D DC;2000383145;13;12;14;14;10;15;14;20;11;14;2;2;1;2;3;3;3;3;2;1;2;12;13;10;11;11;12;15;8;6;9;12;13;9;13;5;9;8;7;9;5;13;5;10;13;11;7;12;9;189.959,00 €
Luka Topalović;19;38771;113;164;Slovenia;JUVENTUS;20160000;C/T C;2000264561;12;11;13;12;9;11;11;20;13;11;3;2;3;1;3;4;2;3;2;3;1;11;13;11;13;12;11;13;14;9;13;9;12;13;11;11;10;12;12;13;13;12;14;5;6;14;12;7;14;396.225,00 €
Matheus Reis;18;39174;93;149;Messico,Brasile;PAOK SALONICCO;3364782;T DS;2000264997;13;12;9;7;10;12;13;20;10;7;1;2;2;1;3;2;3;3;2;2;2;6;11;10;10;10;10;11;13;7;10;7;11;9;12;10;9;13;10;12;10;7;6;6;5;10;9;5;11;37.847,00 €
Julio Soler;20;38399;124;158;Argentina,Paraguay;MILAN;18916192;D/TF S;2000142045;15;15;13;8;20;12;15;8;13;11;1;2;1;3;2;1;3;3;2;3;3;10;12;14;14;12;12;15;8;12;12;11;12;10;14;8;11;13;9;12;10;6;10;8;12;10;13;10;13;1.203.416,00 €
Romain Esse;20;38485;116;149;Inghilterra,Costa d'Avorio;ATLETICO MADRID;11995972;C/T DSC;2000142236;14;14;13;9;20;13;13;16;12;8;3;2;2;1;3;3;3;3;2;3;3;8;11;9;10;8;8;12;16;6;9;8;9;9;11;10;11;14;10;13;7;8;9;5;8;11;7;9;13;2.406.831,00 €
Gabriel Mec;17;39549;103;145;Brasile;MANCHESTER CITY;8822733;T DS;2000385385;13;13;8;7;17;11;13;20;12;5;4;2;2;3;3;3;2;3;3;2;1;5;10;10;10;10;12;14;14;5;12;10;12;12;12;6;7;12;10;11;7;5;10;5;5;12;10;5;12;88.210,00 €
Francesco Gasparello;16;39815;69;132;Italia;ATALANTA;544498;C/T C;2000491924;10;10;11;11;20;8;11;12;8;7;3;3;1;4;2;2;2;3;2;3;3;10;12;11;9;8;13;17;10;6;10;5;9;10;7;8;9;9;10;10;8;8;9;5;4;8;8;5;9;13.238,00 €
Adam Daghim;19;38623;125;150;Danimarca,Palestina;ZENIT;14026500;T/S DS;2000146355;15;11;12;13;20;16;18;7;16;13;2;3;1;2;2;3;3;3;1;3;2;16;12;13;8;8;8;13;12;6;13;7;10;9;13;11;10;12;8;10;11;10;11;8;7;10;12;8;11;90.437,00 €
Christian Comotto;17;39563;111;159;Italia;TOTTENHAM;10170000;C C;2000388375;13;13;12;13;8;11;14;20;13;11;1;1;2;1;3;1;1;3;3;2;3;12;12;7;11;13;12;14;12;8;14;8;13;13;11;10;12;13;9;13;12;9;12;8;6;14;11;7;13;321.673,00 €
Rory Finneran;17;39507;88;142;Repubblica d'Irlanda;ZENIT;3570133;M/C C;2000271404;12;12;13;8;20;15;11;15;11;8;2;1;3;2;2;1;2;3;3;3;1;15;8;13;8;8;8;15;10;9;7;9;13;13;13;9;7;9;6;13;9;5;6;3;5;13;7;8;13;300.854,00 €
Tommaso Rubino;18;39031;101;143;Italia;NEWCASTLE;3407999;T SC;2000271667;14;12;11;8;10;11;12;20;8;8;2;1;2;3;3;1;1;3;2;3;1;13;11;12;12;8;11;15;15;8;12;8;10;13;14;8;8;12;12;10;11;9;11;5;3;10;13;4;14;136.467,00 €
Gui Negão;18;39119;111;134;Brasile;FIORENTINA;8047696;S ;2000273913;12;11;10;14;8;13;13;20;8;13;1;3;2;3;2;1;2;3;3;1;3;11;9;14;12;12;12;16;11;12;12;12;12;11;13;11;10;12;13;11;11;10;12;8;10;13;7;9;12;183.581,00 €
Gabriel Carvalho;17;39311;105;164;Brasile;LAZIO;18740166;T DSC;2000273988;15;14;14;4;9;13;9;20;12;5;3;3;2;1;2;3;2;3;1;3;1;12;12;10;12;9;10;13;14;7;12;7;11;13;10;12;12;13;9;12;12;8;11;8;9;13;10;8;13;666.813,00 €
Ethan Mbappé;18;39080;127;147;Francia;BENFICA;18360000;C/T DC;2000276967;13;15;14;11;20;10;14;8;12;12;2;2;2;1;2;1;3;3;2;2;1;7;13;11;13;12;14;14;12;8;13;5;10;15;13;10;12;16;12;13;8;8;11;2;6;13;9;4;16;539.973,00 €
Jair;20;38418;124;137;Brasile;FIORENTINA;18973083;D C;2000158356;12;12;11;18;5;11;13;20;12;12;3;1;4;2;2;3;2;3;3;3;1;13;13;10;10;12;12;14;9;13;12;14;12;13;12;8;8;8;5;10;6;15;5;12;13;11;10;15;13;2.406.831,00 €
Lesley Ugochukwu;21;38072;130;150;Francia,Nigeria;JUVENTUS;29823110;M/C C;2000006186;12;13;13;14;10;12;12;20;14;16;2;2;3;1;3;2;3;3;3;3;2;11;13;13;13;12;12;11;11;6;11;14;14;12;14;10;10;12;9;13;10;13;11;5;12;14;10;14;12;2.105.977,00 €
Mohamed-Ali Cho;21;38005;130;150;Francia,Inghilterra,Marocco;BENFICA;13697249;T/S DS;2000006280;16;14;11;8;20;13;15;10;13;11;2;3;2;3;1;1;1;3;1;2;2;11;10;11;12;11;11;15;13;8;11;10;11;12;11;8;10;15;12;13;9;11;11;4;5;12;10;6;13;899.974,00 €
Alan Matturro;20;38271;123;143;Uruguay,Italia;VILLARREAL;7875000;D/TF SC;2000009463;13;10;13;13;20;14;12;8;13;13;1;3;3;4;2;2;2;3;1;1;2;14;12;12;9;11;12;11;9;13;11;12;12;12;12;7;14;12;9;13;7;14;13;12;14;14;8;14;12;510.068,00 €
Yunus Emre Konak;19;38727;119;131;Turchia;PARIS SAINT GERMAIN;8134627;M/C C;2000284118;11;11;13;11;11;15;12;20;14;13;2;2;4;1;1;3;2;3;3;2;1;17;14;16;13;13;11;15;10;7;9;12;14;11;15;6;8;11;9;12;7;12;8;7;14;12;9;15;12;842.391,00 €
Hamza Abdelkarim;17;39448;105;141;Egitto;DINAMO ZAGABRIA;3750000;S ;2000402287;14;10;8;13;20;11;13;15;10;9;1;1;3;2;3;2;3;3;3;3;2;6;8;5;12;6;10;15;5;10;11;4;9;9;8;2;4;11;14;11;2;12;9;5;4;10;7;4;12;90.256,00 €
Jan Virgili;18;38924;123;150;Spagna;PSV;20000001;T DS;2000402904;16;14;11;8;8;14;15;20;11;8;2;2;2;2;3;2;1;3;1;2;2;11;9;11;10;9;11;14;15;7;13;7;9;12;11;9;13;15;11;15;9;7;10;6;6;12;8;8;15;519.996,00 €
Kauã Prates;16;39672;94;147;Brasile;COPENAGHEN;752279;D SC;2000403408;12;11;11;9;20;13;13;5;12;10;2;3;3;2;3;3;2;3;2;2;3;12;10;12;10;9;16;14;5;12;10;11;12;9;13;10;10;10;9;11;8;10;8;8;9;10;8;10;10;7.521,00 €
Noël Aséko;19;38678;118;150;Germania,Guinea Equatoriale;CLUB BRUGGE;8712000;M/C C;2000180847;13;14;12;11;8;8;13;20;13;10;2;3;2;3;3;3;1;3;3;2;3;14;11;15;12;12;12;13;14;7;11;12;13;13;15;10;11;15;8;14;10;10;9;6;11;13;8;13;14;498.575,00 €
Guy Noël Zohouri;18;39114;102;155;Francia,Costa d'Avorio;CELTIC;6478400;M/C C;2000297058;8;11;15;14;8;9;13;20;8;9;1;2;3;1;1;4;1;3;2;1;1;15;10;10;9;9;15;10;5;12;15;8;14;11;13;9;4;11;9;15;6;9;12;7;9;11;6;15;15;74.913,00 €
Quim Junyent;18;39166;90;134;Spagna;AJAX;331999;C/T C;2000297440;11;12;12;6;9;14;9;20;11;7;2;1;1;3;1;1;4;3;1;3;2;8;9;9;11;8;12;14;14;8;10;7;11;14;9;10;9;12;9;13;10;6;9;6;6;12;8;7;14;51.988,00 €
Bastien Meupiyou;19;38795;117;145;Francia,Camerun;TOTTENHAM;8799999;D C;2000183492;12;12;11;14;20;10;14;8;13;13;4;2;1;1;3;1;2;3;1;4;1;13;12;12;15;12;12;14;9;8;9;12;13;10;13;6;8;12;6;12;6;14;11;4;12;11;9;14;11;129.969,00 €
Mattia Mannini;19;38906;106;157;Italia;BASILEA;6935999;TF/C DSC;2000184284;13;14;10;6;10;19;12;20;12;9;1;1;1;1;2;2;3;3;1;3;2;11;10;11;9;11;11;13;7;7;11;10;11;13;11;8;9;12;8;13;5;6;5;5;7;14;9;9;13;221.910,00 €
Gabriel Ramaj;19;38757;78;123;Italia,Albania;ASTANA;112124;D C;2000184406;13;9;7;10;20;9;10;5;5;7;3;4;2;3;1;1;1;3;1;3;2;14;11;9;5;9;13;11;5;8;4;13;2;2;7;2;1;5;1;7;1;13;5;6;13;7;1;13;3;58.967,00 €
Tyrique George;19;38752;116;148;Inghilterra,Nigeria,Ghana;LIONE;11737932;T DSC;2000184619;15;10;10;12;14;14;14;20;12;8;2;3;3;3;4;2;3;3;2;2;3;7;7;11;9;12;9;8;16;4;8;6;10;10;11;10;11;13;10;10;13;5;15;7;4;10;9;5;13;595.691,00 €
Harrison Murray-Campbell;18;38933;95;133;Inghilterra;MANCHESTER CITY;463176;D DSC;2000184626;13;8;10;12;13;17;12;20;9;8;3;3;2;3;3;1;1;3;3;2;3;12;13;13;10;12;9;19;5;11;8;10;14;8;14;6;9;8;7;11;6;11;5;10;10;11;6;12;12;120.342,00 €
Omar Janneh;18;38952;97;156;Spagna,Gambia;BENFICA;3983552;S ;2000300244;13;10;2;12;15;10;10;20;13;12;1;2;1;2;1;3;1;3;1;1;3;2;10;5;10;12;10;10;10;13;11;10;10;10;12;5;2;10;12;13;5;12;2;1;5;9;10;5;14;96.394,00 €
Seydou Fini;19;38870;112;140;Italia,Costa d'Avorio;ASTANA;4157998;T/S DS;2000185827;14;13;9;8;20;16;15;7;11;7;2;1;2;2;1;2;2;3;2;2;1;8;11;8;10;9;14;9;7;7;9;6;12;10;12;5;12;13;13;11;8;7;6;5;4;13;7;6;14;369.930,00 €
Ayden Heaven;18;38982;137;140;Inghilterra;PAOK SALONICCO;42971969;D C;2000301027;15;13;15;14;20;15;15;14;14;13;1;3;2;3;4;1;1;3;3;1;1;10;14;13;15;11;13;14;5;7;7;13;14;9;13;5;6;10;5;14;5;13;3;10;14;13;8;14;13;601.708,00 €
Alexis Vossah;17;39518;107;137;Francia,Togo;LIONE;6840000;M/C C;2000412744;13;10;11;12;14;12;12;20;12;13;4;1;2;2;2;1;2;3;1;3;3;12;10;13;11;11;11;13;10;9;11;12;12;10;13;7;8;11;7;12;7;11;10;7;12;13;8;12;11;283.284,00 €
Anton Matković;19;38767;108;154;Croazia;GLASGOW RANGERS;4639998;T/S DS;2000301456;13;12;13;14;20;16;15;10;12;13;1;2;1;1;3;2;2;3;3;3;3;13;11;14;10;10;7;15;10;6;13;7;9;10;14;7;8;11;11;10;7;12;11;12;8;8;12;7;10;103.975,00 €
Trevan Sanusi;18;39197;100;146;Inghilterra;SPORTING LISBONA;4711835;T S;2000302092;14;13;14;10;6;6;15;20;10;8;1;2;2;1;1;3;3;3;1;2;1;8;9;9;9;9;10;8;15;6;11;6;10;10;13;5;10;13;9;11;10;5;8;10;4;10;10;5;13;108.307,00 €
Tommy Watson;19;38815;127;157;Inghilterra;REAL BETIS;25757724;T DS;2000187717;14;15;15;14;12;13;14;20;9;8;1;2;4;2;3;2;2;3;1;1;3;6;12;9;14;11;8;14;14;7;13;7;11;12;12;14;14;15;13;12;13;8;13;7;6;11;12;7;11;1.805.124,00 €
Mahamadou Doumbia;21;38122;120;145;Mali;LEEDS;23258323;M/C C;2000189081;12;13;10;12;9;14;14;20;13;10;2;3;4;2;3;1;1;3;2;2;1;12;13;12;14;11;13;11;11;8;11;13;15;13;12;9;10;13;10;12;10;11;12;6;10;14;8;11;15;3.075.329,00 €
Salvador Blopá;18;39246;111;135;Portogallo,Guinea-Bissau;LIONE;3665999;D/TF/C/T DS;2000303379;14;7;6;13;14;18;16;20;15;10;3;2;4;1;3;1;3;3;3;2;4;11;13;8;6;8;7;14;12;6;12;6;7;7;12;6;11;11;9;10;3;7;6;10;7;7;8;11;10;493.942,00 €
Kaden Braithwaite;17;39486;75;144;Inghilterra,Giamaica;PAOK SALONICCO;328529;D SC;2000415453;7;9;7;14;20;15;12;10;8;6;3;1;2;1;3;1;2;3;3;1;2;15;9;14;9;5;13;11;5;3;6;11;7;7;7;4;8;2;1;11;2;11;2;4;13;10;3;10;12;180.512,00 €
Ethan Williams;19;38670;107;111;Inghilterra;MANCHESTER CITY;1328386;C/T DS;2000190312;13;12;11;9;20;10;12;19;11;9;2;2;2;3;1;2;3;3;1;2;1;12;11;8;9;11;11;16;12;7;12;7;10;9;12;12;11;12;10;12;12;5;7;2;4;11;7;4;12;300.854,00 €
Herba Guirassy;18;38958;115;147;Guinea,Francia;CRYSTAL PALACE;9526000;T S;2000191043;14;14;11;10;10;13;13;20;11;10;3;1;3;2;3;1;2;3;3;3;3;11;12;10;11;10;10;13;13;8;12;10;12;10;15;11;12;13;11;13;10;10;10;5;7;12;11;7;13;99.944,00 €
Jayden Danns;19;38733;121;165;Inghilterra,Guyana;CRYSTAL PALACE;20272926;T/S SC;2000191846;14;13;12;11;8;11;13;20;10;12;2;1;4;2;2;3;1;3;2;1;1;14;14;12;13;13;11;14;14;9;13;6;14;14;14;4;8;14;14;13;12;12;11;5;6;12;12;10;14;300.854,00 €
Robinho Junior;17;39433;110;138;Brasile;FIORENTINA;11488619;T S;2000417769;13;16;10;5;20;12;13;10;10;8;3;3;4;2;1;2;2;3;3;2;2;8;12;11;13;11;11;10;15;8;12;8;11;11;12;8;9;15;10;12;8;10;8;8;8;11;11;8;12;153.436,00 €
Mathis Amougou;19;38735;109;133;Francia,Camerun;VILLARREAL;14885760;C C;2000200565;12;13;11;10;8;12;11;20;12;10;2;4;1;1;1;4;3;3;1;1;2;12;11;11;11;12;12;13;12;10;11;13;13;13;12;9;10;12;8;13;7;10;12;6;11;13;9;11;13;326.427,00 €
Emre Gökay;19;38766;95;139;Turchia;NAPOLI;209998;T DS;2000204344;14;14;9;7;20;14;12;13;11;13;1;2;3;1;4;3;1;3;3;1;2;5;9;8;9;9;8;12;15;5;11;4;6;9;11;13;8;12;7;10;13;6;11;4;4;10;13;4;12;100.906,00 €
Fodé Sylla;19;38823;108;145;Francia,Guinea;BOLOGNA;6704000;M/C C;2000205287;12;13;12;10;8;14;13;20;13;14;1;1;4;1;4;2;2;3;1;2;3;13;12;12;10;11;12;15;9;12;10;12;13;11;14;6;6;11;8;12;6;10;7;10;12;13;5;12;11;159.573,00 €
Alphadjo Cissé;18;39012;117;156;Italia,Guinea;COPENAGHEN;10032000;C/T SC;2000205568;13;15;13;10;10;16;13;20;15;11;1;3;2;3;2;3;2;3;3;2;2;12;11;10;10;10;11;8;15;7;10;10;10;11;9;8;10;14;11;14;13;8;11;4;4;11;9;9;14;545.448,00 €
Noahkai Banks;18;39052;120;140;Stati Uniti,Germania;SIVIGLIA;43000000;D C;2000311773;13;11;14;16;9;13;14;20;13;15;1;1;3;2;2;1;2;3;3;2;1;16;13;15;11;11;10;15;10;8;8;13;12;11;13;3;8;12;6;12;3;12;7;8;13;12;7;14;12;997.210,00 €
Ayoub Oufkir;19;38721;125;143;Paesi Bassi,Marocco;BORUSSIA DORTMUND;18425000;C/T/S DS;2000219431;15;15;12;7;20;12;14;10;13;7;1;2;2;3;1;2;1;4;2;3;1;11;12;8;9;10;9;16;14;5;13;6;12;12;13;12;12;14;10;12;11;7;11;8;5;12;10;5;13;389.967,00 €
Nestory Irankunda;19;38757;115;144;Australia,Burundi,Tanzania;LEEDS;8996689;C/T DS;2000093091;17;16;12;8;8;12;18;20;11;11;3;1;2;2;1;4;2;4;2;3;2;16;8;8;8;7;7;12;16;3;8;3;8;8;11;12;9;14;8;9;13;7;13;10;3;8;12;4;11;752.135,00 €
Marc Guiu;19;38721;117;158;Spagna;ASTANA;17391671;S ;2000228120;13;12;15;14;12;16;14;20;11;14;1;3;1;2;3;1;2;4;1;3;3;14;12;15;12;8;11;16;14;6;12;7;11;9;9;5;7;9;14;13;8;14;11;6;6;11;12;7;12;1.805.124,00 €
Edmund Baidoo;19;38747;114;142;Ghana;ANDERLECHT;9129999;T/S DS;2000349187;15;11;8;6;17;14;15;20;11;6;4;3;3;2;1;3;2;4;3;3;2;14;10;13;10;7;8;15;16;5;10;5;9;10;14;11;12;13;9;12;11;5;10;3;6;10;9;5;11;319.086,00 €
Harry Gray;16;39729;114;168;Inghilterra,Scozia;AJAX;14197991;T/S DSC;2000463321;13;13;9;9;14;13;12;20;11;10;1;2;2;3;2;2;1;4;2;3;3;13;12;8;11;9;12;8;12;10;13;4;11;11;13;11;10;11;12;12;10;10;10;11;5;11;13;5;15;18.352,00 €
Jorthy Mokio;17;39507;119;158;Belgio,Repubblica Democratica del Congo;LAZIO;36870000;D/M/C SC;2000368248;13;15;13;12;20;13;13;10;12;10;3;2;3;1;3;1;2;4;3;2;2;11;11;12;13;11;10;10;12;6;11;11;13;12;12;7;11;10;9;14;8;11;9;6;12;14;11;11;14;519.996,00 €
Vasilije Kostov;17;39579;100;162;Serbia,Macedonia del Nord;LEEDS;3416000;C/T C;2000368639;11;11;10;7;10;11;11;20;10;10;3;2;3;3;4;2;1;4;1;1;1;10;12;10;11;12;11;14;12;10;10;10;12;12;11;9;9;12;10;12;10;7;11;5;8;12;10;9;12;50.363,00 €
Tylel Tati;17;39466;112;142;Francia;CHELSEA;6339999;D C;2000390047;11;12;12;15;20;12;11;8;12;12;2;1;2;1;1;3;3;4;1;3;2;13;12;12;12;11;11;13;10;8;10;13;13;10;14;6;7;10;7;12;6;14;8;6;13;11;7;13;12;617.473,00 €
Isaque;18;39137;117;145;Brasile;GENT;17089378;T C;2000273252;14;14;13;6;8;11;13;20;12;10;1;1;3;1;3;2;2;4;3;2;1;10;13;8;13;11;13;12;15;8;15;10;12;14;10;11;12;13;12;13;9;7;9;5;7;13;10;7;14;43.443,00 €
Jonathan Asp-Jensen;19;38731;117;131;Danimarca;BASILEA;2435999;C/T SC;2000150158;12;13;12;10;10;12;12;20;13;8;3;1;4;3;2;3;3;4;1;2;3;12;11;9;13;10;12;13;15;10;12;8;13;13;12;13;12;13;10;14;13;8;12;6;8;13;11;9;15;498.575,00 €
David Boly;16;39835;88;145;Francia;GENT;4108000;D/TF D;2000497044;12;10;9;7;8;13;10;20;14;8;3;1;2;3;1;1;3;4;2;1;2;12;10;10;6;10;14;11;5;12;5;9;9;9;9;7;11;8;2;10;2;9;7;8;10;10;2;14;9;72.205,00 €
Andrija Maksimović;18;39238;115;152;Serbia;JUVENTUS;13939868;C/T DC;2000288465;13;13;11;9;20;10;13;9;12;8;1;1;1;3;2;3;1;4;1;3;2;11;11;9;12;12;12;14;15;8;10;8;11;13;12;13;11;13;10;14;14;7;13;6;8;13;15;8;15;1.495.846,00 €
Quentin Ndjantou;17;39286;108;151;Francia,Camerun;BASILEA;8199999;T/S S;2000288850;12;13;13;11;10;12;13;20;10;9;2;1;2;2;1;3;4;4;1;2;3;10;12;11;11;12;11;14;13;7;10;7;12;12;14;10;10;13;10;13;9;11;10;7;6;13;11;6;13;441.353,00 €
Anhá Candé;17;39307;90;108;Guinea-Bissau,Portogallo;DINAMO KIEV;2526000;S ;2000302495;12;9;13;14;20;15;13;9;12;14;1;2;3;3;2;2;3;4;1;1;2;8;9;8;8;9;8;12;10;6;11;4;9;9;9;4;7;10;13;11;8;10;12;4;4;11;8;6;9;197.541,00 €
Ilias Akhomach;21;38093;138;165;Marocco,Spagna;INTER;30000001;C/T DC;2000056415;15;17;12;8;20;14;15;9;11;10;1;3;1;1;3;1;2;4;1;1;2;11;9;12;12;10;14;14;17;8;13;7;11;15;8;12;14;16;11;15;12;6;13;6;5;14;11;6;17;2.335.288,00 €
Jovan Miladinović;18;39102;88;120;Serbia;SPORTING LISBONA;181650;P ;2000288388;12;11;10;11;10;12;10;20;9;9;9;11;10;13;12;12;9;11;9;8;9;15;8;15;6;9;14;8;3;1;3;13;8;5;7;4;3;2;1;2;6;1;2;2;2;12;2;2;4;6.017,00 €
Henrikas Adomavičius;16;39815;69;127;Lituania;GLASGOW RANGERS;309999;P ;2000503748;12;11;5;16;8;13;12;20;1;6;15;8;5;8;9;9;6;12;14;7;7;5;4;15;3;10;9;13;1;2;2;6;5;4;4;3;1;1;2;4;5;1;2;1;3;7;1;1;2;13.238,00 €
Nathaniel Nwosu;19;38727;92;113;Nigeria;MANCHESTER UNITED;0;P ;2000180227;10;13;4;15;9;9;12;20;1;5;13;9;6;5;13;13;6;12;7;5;7;5;11;15;7;11;13;13;1;6;3;8;8;7;6;4;2;2;3;1;6;1;3;1;3;8;1;2;3;
Paul Argney;19;38860;105;138;Francia;REAL SOCIEDAD;2403199;P ;2000200559;10;12;12;13;6;11;10;20;5;11;13;12;13;6;13;11;11;12;11;12;10;12;12;12;11;11;10;14;2;8;3;11;11;10;10;1;2;2;1;11;5;1;2;1;3;11;3;2;12;89955
Onuralp Çevikkan;19;38719;100;147;Turchia;FIORENTINA;3431999;P ;2000241582;6;13;12;15;8;15;9;20;13;10;12;12;8;10;13;12;12;13;13;10;10;6;12;11;12;12;11;14;8;6;1;10;13;9;13;4;3;3;2;10;6;2;3;3;2;12;4;1;10;239901
Tommaso Mazzi;16;39960;66;130;Italia;NEWCASTLE;569999;P ;2000488656;11;11;6;10;9;13;7;20;1;4;8;8;6;5;13;7;8;13;6;9;6;6;9;15;6;9;12;15;2;9;3;6;6;5;5;3;2;2;3;3;6;1;3;2;3;9;3;2;1;13238
Quenten Attigah;16;39908;98;150;Paesi Bassi,Ghana;ATLETICO MADRID;11675000;P ;2000495383;12;13;11;15;5;14;11;20;5;9;13;10;10;8;12;11;12;13;11;9;12;13;11;12;12;10;11;14;1;8;2;12;10;10;10;4;3;3;2;6;6;3;3;3;3;10;1;2;8;43203
Renato Marin;19;38908;99;133;Italia,Brasile;BARCELONA;275999;P ;2000198858;10;12;11;11;20;14;10;5;10;13;12;11;11;5;12;12;11;13;11;13;12;12;13;10;11;11;10;9;3;8;1;12;10;9;11;3;3;3;1;10;5;5;2;1;2;9;4;2;9;68294
Lucca Brughmans;17;39626;105;148;Belgio,Repubblica Democratica del Congo;SPORTING LISBONA;21680000;P ;2000368852;10;10;10;12;10;14;9;20;9;9;12;11;11;12;10;10;14;14;7;6;10;9;11;11;12;12;10;12;3;7;7;10;11;11;10;8;11;10;5;12;11;9;9;10;8;12;8;9;12;181956
Alessandro Nunziante;18;39155;103;141;Italia;MANCHESTER CITY;1175999;P ;2000264015;10;12;10;12;6;12;11;20;10;7;13;10;11;3;10;10;12;14;14;14;6;12;14;13;12;13;13;3;13;4;2;14;11;9;10;3;1;1;1;10;7;8;3;1;1;9;3;1;10;279975
Tommaso Vannucchi;18;39146;88;127;Italia;FIORENTINA;88293;P ;2000264017;11;13;12;17;4;9;10;20;11;11;12;8;8;12;9;10;14;14;11;13;11;7;10;8;8;11;10;8;5;7;4;10;11;8;9;2;3;3;1;11;5;8;1;2;3;10;3;3;11;53793
Gonçalo Ribeiro;19;38732;90;117;Portogallo;ATLETICO MADRID;623999;P ;2000181723;8;11;9;14;7;13;10;20;11;10;14;9;11;14;11;13;10;14;7;11;10;9;12;11;9;10;8;11;1;8;1;12;8;12;11;4;2;2;1;9;6;1;1;3;3;10;3;1;8;140378
Tommaso Martinelli;19;38723;117;156;Italia;ATALANTA;7691999;P ;2000184143;10;14;10;14;8;10;10;20;10;12;13;12;11;7;13;12;14;14;12;11;12;13;13;11;13;12;13;14;3;10;3;10;12;9;14;4;1;1;3;9;8;4;3;2;1;9;4;1;9;930000
Tommy Setford;19;38789;105;135;Inghilterra,Paesi Bassi;ARSENAL;2902855;P ;2000046214;12;15;10;12;8;6;8;20;10;10;12;12;10;12;12;14;13;14;11;7;8;11;13;8;13;10;10;13;2;7;2;11;10;10;10;5;3;3;1;11;9;6;2;1;1;12;3;2;9;300854
Alex Kouto Horio Pisano;19;38727;114;132;Giappone;VALENCIA;3401682;P ;2000289566;6;12;7;16;5;12;10;20;12;13;14;11;12;6;13;13;14;16;13;14;14;12;13;12;11;13;10;16;5;14;3;12;13;10;11;3;1;3;3;10;6;2;2;1;1;11;4;2;9;193028
